plant_id,name_uk,latin_name,category,container,price_uah,unit,availability_status,summary,ecology_text,agrotechnics_text,use_text,full_description,content_status,source_names,source_urls,source_confidence,source_note,seo_title,seo_description,image_path,sun_exposure,moisture,height_cm_min,height_cm_max,flowering_months,flower_color,winter_hardiness,use_cases,spacing_cm,selection_tags,variant_containers,variant_prices_uah,variant_units,variant_labels,price_rule,variant_ids,variant_container_type_ids,variant_format_codes
PLANT-0084,Агастахе фенхельне,Agastache foeniculum,Ароматичні рослини,CASSETTE-HIKO-V120SS,30,шт.,ready_for_sale,"Ароматична багаторічна рослина з анісовим запахом листя і синьо-фіолетовими колосками квіток. Добра для пряно-ароматичних садів і посадок для запилювачів. Зимостійка в умовах Києва, рівень високий.","Ароматична багаторічна рослина з анісовим запахом листя і синьо-фіолетовими колосками квіток. Добра для пряно-ароматичних садів і посадок для запилювачів. Агастахе фенхельне (Agastache foeniculum) описується як ароматична або пряна культура для сонячних, добре провітрюваних посадок. Для стабільного росту важливі водопроникний грунт, помірна волога без застою води і достатнє освітлення для щільного росту та виразного аромату. Зимостійкість та витривалість потрібно співвідносити з місцевим мікрокліматом, дренажем і ризиком зимового перезволоження. Зимостійка в умовах Києва, рівень високий.","Після висадки підтримують рівномірну вологість до вкорінення, далі полив роблять помірним. Посадку не загущують, старі або відцвілі пагони прибирають, а підживлення дають стримано, щоб не отримати пухкий водянистий приріст.","Застосування в саду: ароматичні бордюри, пряні грядки, квітники для запилювачів, контейнерні посадки.","Ароматична багаторічна рослина з анісовим запахом листя і синьо-фіолетовими колосками квіток. Добра для пряно-ароматичних садів і посадок для запилювачів. Агастахе фенхельне (Agastache foeniculum) описується як ароматична або пряна культура для сонячних, добре провітрюваних посадок. Для стабільного росту важливі водопроникний грунт, помірна волога без застою води і достатнє освітлення для щільного росту та виразного аромату. Зимостійкість та витривалість потрібно співвідносити з місцевим мікрокліматом, дренажем і ризиком зимового перезволоження. Зимостійка в умовах Києва, рівень високий. Після висадки підтримують рівномірну вологість до вкорінення, далі полив роблять помірним. Посадку не загущують, старі або відцвілі пагони прибирають, а підживлення дають стримано, щоб не отримати пухкий водянистий приріст. Застосування в саду: ароматичні бордюри, пряні грядки, квітники для запилювачів, контейнерні посадки.",source_backed_species_draft,Plants of the World Online / Kew; Royal Horticultural Society; NC State Extension Gardener Plant Toolbox; Missouri Botanical Garden,https://powo.science.kew.org/results?q=Agastache%20foeniculum; https://www.rhs.org.uk/plants/search-form?query=Agastache%20foeniculum; https://plants.ces.ncsu.edu/find_a_plant/?q=Agastache%20foeniculum; https://www.missouribotanicalgarden.org/PlantFinder/PlantFinderSearch.aspx?search=Agastache%20foeniculum,medium,Short description prepared from conservative reference traits and operator-confirmed label/taxonomy. Verify cultivar-specific claims before printing polished catalog.,Агастахе фенхельне - саджанці Flora & Aroma,Агастахе фенхельне (Agastache foeniculum). Від 30 UAH/шт. Варіанти: CASSETTE-HIKO-V120SS — 30 UAH/шт.; Горщик P9 — 55 UAH/шт.; Горщик P11 — 65 UAH/шт. Наявність уточнюємо при замовленні.,/images/plants/local/plant-0084-local-gallery-03.png; /images/plants/local/plant-0084-format-01.jpg; /images/plants/local/plant-0084-local-gallery-05.jpg; /images/plants/local/plant-0084-local-gallery-01.jpg; /images/plants/local/plant-0084-local-gallery-04.png,full_sun;part_sun,dry;medium,60,120,07;08;09,lavender;purple,USDA 5-9,aromatic;pollinator;border;dry_site,30-45,aromatic_garden;pollinator_plants;drought_tolerant;border_plants;low_maintenance,CASSETTE-HIKO-V120SS;Горщик P9;Горщик P11,30;55;65,шт.;шт.;шт.,CASSETTE-HIKO-V120SS — 30 UAH/шт.;Горщик P9 — 55 UAH/шт.;Горщик P11 — 65 UAH/шт.,product_variants_pricehistory,VAR-PLANT-0084-V120;VAR-PLANT-0084-P9;VAR-PLANT-0084-P11,CASSETTE-HIKO-V120SS;POT-P9;POT-P11,V-120;P9;P11
PLANT-0058,Аквілегія низька 'Columbine Dwarf Mixed',Aquilegia × hybrida,Декоративні багаторічники,CASSETTE-HIKO-V120SS,30,шт.,ready_for_sale,"Низькоросла суміш гібридної аквілегії з компактними кущами близько 30-40 см і квітками різних відтінків. Використовується для клумб, квітників та альпійських гірок. Зимостійка в умовах Києва, рівень високий.","Низькоросла суміш гібридної аквілегії з компактними кущами близько 30-40 см і квітками різних відтінків. Використовується для клумб, квітників та альпійських гірок. Аквілегія низька 'Columbine Dwarf Mixed' (Aquilegia × hybrida) підходить для змішаних квітників, бордюрів і природних садових композицій. Для стабільного росту важливі відповідне освітлення, водопроникний грунт і відсутність тривалого застою води. Зимостійкість та витривалість потрібно співвідносити з місцевим мікрокліматом, дренажем і ризиком зимового перезволоження. Зимостійка в умовах Києва, рівень високий.","Після висадки підтримують вкорінення помірним поливом, не загущують рослини і стежать за чистотою посадки. Санітарне прибирання, легке мульчування і помірне живлення допомагають зберігати декоративність протягом сезону.","Застосування в саду: квітники, бордюри, міксбордери, природні посадки і садові та ландшафтні посадки. Рослину варто підбирати за умовами ділянки та роллю в композиції.","Низькоросла суміш гібридної аквілегії з компактними кущами близько 30-40 см і квітками різних відтінків. Використовується для клумб, квітників та альпійських гірок. Аквілегія низька 'Columbine Dwarf Mixed' (Aquilegia × hybrida) підходить для змішаних квітників, бордюрів і природних садових композицій. Для стабільного росту важливі відповідне освітлення, водопроникний грунт і відсутність тривалого застою води. Зимостійкість та витривалість потрібно співвідносити з місцевим мікрокліматом, дренажем і ризиком зимового перезволоження. Зимостійка в умовах Києва, рівень високий. Після висадки підтримують вкорінення помірним поливом, не загущують рослини і стежать за чистотою посадки. Санітарне прибирання, легке мульчування і помірне живлення допомагають зберігати декоративність протягом сезону. Застосування в саду: квітники, бордюри, міксбордери, природні посадки і садові та ландшафтні посадки. Рослину варто підбирати за умовами ділянки та роллю в композиції.",source_backed_species_draft,Plants of the World Online / Kew; Royal Horticultural Society; NC State Extension Gardener Plant Toolbox; Missouri Botanical Garden,https://powo.science.kew.org/results?q=Aquilegia%20%C3%97%20hybrida; https://www.rhs.org.uk/plants/search-form?query=Aquilegia%20%C3%97%20hybrida; https://plants.ces.ncsu.edu/find_a_plant/?q=Aquilegia%20%C3%97%20hybrida; https://www.missouribotanicalgarden.org/PlantFinder/PlantFinderSearch.aspx?search=Aquilegia%20%C3%97%20hybrida,medium,Short description prepared from conservative reference traits and operator-confirmed label/taxonomy. Verify cultivar-specific claims before printing polished catalog.,Аквілегія низька 'Columbine Dwarf Mixed' - саджанці Flora & Aroma,,/images/plants/local/plant-0058-local-gallery-02.jpg; /images/plants/local/plant-0058-local-gallery-05.jpg; /images/plants/plant-0058.jpg; /images/plants/local/plant-0058-local-gallery-01.jpg; /images/plants/local/plant-0058-local-gallery-03.jpg,part_sun;full_sun,medium,20,60,05;06,mixed,USDA 3-8,border;pollinator;cut_flower,25-30,border_plants;pollinator_plants,CASSETTE-HIKO-V120SS;Горщик P9;Горщик P11,30;55;65,шт.;шт.;шт.,CASSETTE-HIKO-V120SS — 30 UAH/шт.;Горщик P9 — 55 UAH/шт.;Горщик P11 — 65 UAH/шт.,product_variants_pricehistory,VAR-PLANT-0058-V120;VAR-PLANT-0058-P9;VAR-PLANT-0058-P11,CASSETTE-HIKO-V120SS;POT-P9;POT-P11,V-120;P9;P11
PLANT-0050,Акмела городня,Acmella oleracea,Пряні рослини,CASSETTE-HIKO-V120SS,30,шт.,ready_for_sale,Теплолюбна пряно-декоративна рослина з жовтими “ґудзиковими” суцвіттями. Відома характерним пряним ефектом листя і квіток; У Києві вирощується як однорічна культура і не зимує у відкритому ґрунті.,"Теплолюбна пряно-декоративна рослина з жовтими “ґудзиковими” суцвіттями. Відома характерним пряним ефектом листя і квіток; Акмела городня (Acmella oleracea) описується як ароматична або пряна культура для сонячних, добре провітрюваних посадок. Для стабільного росту важливі водопроникний грунт, помірна волога без застою води і достатнє освітлення для щільного росту та виразного аромату. Зимостійкість та витривалість потрібно співвідносити з місцевим мікрокліматом, дренажем і ризиком зимового перезволоження. У Києві вирощується як однорічна культура і не зимує у відкритому ґрунті.","Після висадки підтримують рівномірну вологість до вкорінення, далі полив роблять помірним. Посадку не загущують, старі або відцвілі пагони прибирають, а підживлення дають стримано, щоб не отримати пухкий водянистий приріст.","Застосування в саду: ароматичні бордюри, пряні грядки, квітники для запилювачів, контейнерні посадки.","Теплолюбна пряно-декоративна рослина з жовтими “ґудзиковими” суцвіттями. Відома характерним пряним ефектом листя і квіток; Акмела городня (Acmella oleracea) описується як ароматична або пряна культура для сонячних, добре провітрюваних посадок. Для стабільного росту важливі водопроникний грунт, помірна волога без застою води і достатнє освітлення для щільного росту та виразного аромату. Зимостійкість та витривалість потрібно співвідносити з місцевим мікрокліматом, дренажем і ризиком зимового перезволоження. У Києві вирощується як однорічна культура і не зимує у відкритому ґрунті. Після висадки підтримують рівномірну вологість до вкорінення, далі полив роблять помірним. Посадку не загущують, старі або відцвілі пагони прибирають, а підживлення дають стримано, щоб не отримати пухкий водянистий приріст. Застосування в саду: ароматичні бордюри, пряні грядки, квітники для запилювачів, контейнерні посадки.",source_backed_species_draft,Plants of the World Online / Kew; Royal Horticultural Society; NC State Extension Gardener Plant Toolbox; Missouri Botanical Garden,https://powo.science.kew.org/results?q=Acmella%20oleracea; https://www.rhs.org.uk/plants/search-form?query=Acmella%20oleracea; https://plants.ces.ncsu.edu/find_a_plant/?q=Acmella%20oleracea; https://www.missouribotanicalgarden.org/PlantFinder/PlantFinderSearch.aspx?search=Acmella%20oleracea,medium,Short description prepared from conservative reference traits and operator-confirmed label/taxonomy. Verify cultivar-specific claims before printing polished catalog.,Акмела городня - саджанці Flora & Aroma,Акмела городня (Acmella oleracea). Від 30 UAH/шт. Варіанти: CASSETTE-HIKO-V120SS — 30 UAH/шт.; Горщик P9 — 55 UAH/шт. Наявність уточнюємо при замовленні.,/images/plants/local/plant-0050-local-01.jpg; /images/plants/local/plant-0050-format-01.jpg; /images/plants/plant-0050.jpg; /images/plants/local/plant-0050-local-02.jpg; /images/plants/local/plant-0050-card-01.png,full_sun,medium;moist,20,40,07;08;09,yellow;red,tender perennial / annual,edible;ornamental;medicinal,25-30,aromatic_garden;border_plants,CASSETTE-HIKO-V120SS;Горщик P9,30;55,шт.;шт.,CASSETTE-HIKO-V120SS — 30 UAH/шт.;Горщик P9 — 55 UAH/шт.,product_variants_pricehistory,VAR-PLANT-0050-V120;VAR-PLANT-0050-P9,CASSETTE-HIKO-V120SS;POT-P9,V-120;P9
PLANT-0088,Арабіс кавказький,Arabis caucasica,Декоративні багаторічники,Горщик P11,65,шт.,ready_for_sale,"Низький багаторічник для кам’янистих садів, бордюрів і сонячних дренованих місць. Формує подушки або куртини з раннім весняним цвітінням, добре працює на передньому плані квітників і в альпінаріях. Зимостійка в умовах Києва, рівень високий.","Низький багаторічник для кам’янистих садів, бордюрів і сонячних дренованих місць. Формує подушки або куртини з раннім весняним цвітінням, добре працює на передньому плані квітників і в альпінаріях. Арабіс кавказький (Arabis caucasica) підходить для змішаних квітників, бордюрів і природних садових композицій. Для стабільного росту важливі відповідне освітлення, водопроникний грунт і відсутність тривалого застою води. Зимостійкість та витривалість потрібно співвідносити з місцевим мікрокліматом, дренажем і ризиком зимового перезволоження. Зимостійка в умовах Києва, рівень високий.","Після висадки підтримують вкорінення помірним поливом, не загущують рослини і стежать за чистотою посадки. Санітарне прибирання, легке мульчування і помірне живлення допомагають зберігати декоративність протягом сезону.","Застосування в саду: квітники, бордюри, міксбордери, природні посадки і садові та ландшафтні посадки. Рослину варто підбирати за умовами ділянки та роллю в композиції.","Низький багаторічник для кам’янистих садів, бордюрів і сонячних дренованих місць. Формує подушки або куртини з раннім весняним цвітінням, добре працює на передньому плані квітників і в альпінаріях. Арабіс кавказький (Arabis caucasica) підходить для змішаних квітників, бордюрів і природних садових композицій. Для стабільного росту важливі відповідне освітлення, водопроникний грунт і відсутність тривалого застою води. Зимостійкість та витривалість потрібно співвідносити з місцевим мікрокліматом, дренажем і ризиком зимового перезволоження. Зимостійка в умовах Києва, рівень високий. Після висадки підтримують вкорінення помірним поливом, не загущують рослини і стежать за чистотою посадки. Санітарне прибирання, легке мульчування і помірне живлення допомагають зберігати декоративність протягом сезону. Застосування в саду: квітники, бордюри, міксбордери, природні посадки і садові та ландшафтні посадки. Рослину варто підбирати за умовами ділянки та роллю в композиції.",source_backed_species_draft,Plants of the World Online / Kew; Royal Horticultural Society; Missouri Botanical Garden,https://powo.science.kew.org/taxon/urn:lsid:ipni.org:names:278095-1; https://www.rhs.org.uk/plants/search-form?query=Arabis%20caucasica; https://www.missouribotanicalgarden.org/PlantFinder/PlantFinderSearch.aspx?search=Arabis%20caucasica,medium,Species-level Arabis caucasica references; cultivar and local wintering should be checked before polished print copy.,Арабіс кавказький - саджанці Flora & Aroma,Арабіс кавказький (Arabis caucasica). Варіант: Горщик P11 — 65 UAH/шт. Наявність уточнюємо при замовленні.,/images/plants/local/plant-0088-local-gallery-01.jpg; /images/plants/local/plant-0088-local-gallery-02.jpg,full_sun;part_sun,dry;medium,10,20,04;05,white,USDA 4-7,rock_garden;groundcover;border,25-30,drought_tolerant;border_plants;low_maintenance,Горщик P11,65,шт.,Горщик P11 — 65 UAH/шт.,product_variants_pricehistory,VAR-PLANT-0088-P11,POT-P11,P11
PLANT-0089,Базилік зелений,Ocimum basilicum,Рослини для саду,CASSETTE-HIKO-V120SS,30,шт.,ready_for_sale,"Ароматична пряна рослина з зеленим листям. Підходить для пряних грядок, контейнерів і літніх посадок; цінується за аромат та свіжу зелень. У Києві вирощується як однорічна культура і не зимує у відкритому ґрунті.","Ароматична пряна рослина з зеленим листям. Підходить для пряних грядок, контейнерів і літніх посадок; цінується за аромат та свіжу зелень. Базилік зелений (Ocimum basilicum) описується як ароматична або пряна культура для сонячних, добре провітрюваних посадок. Для стабільного росту важливі водопроникний грунт, помірна волога без застою води і достатнє освітлення для щільного росту та виразного аромату. Зимостійкість та витривалість потрібно співвідносити з місцевим мікрокліматом, дренажем і ризиком зимового перезволоження. У Києві вирощується як однорічна культура і не зимує у відкритому ґрунті.","Після висадки підтримують рівномірну вологість до вкорінення, далі полив роблять помірним. Посадку не загущують, старі або відцвілі пагони прибирають, а підживлення дають стримано, щоб не отримати пухкий водянистий приріст.","Застосування в саду: ароматичні бордюри, пряні грядки, квітники для запилювачів, контейнерні посадки.","Ароматична пряна рослина з зеленим листям. Підходить для пряних грядок, контейнерів і літніх посадок; цінується за аромат та свіжу зелень. Базилік зелений (Ocimum basilicum) описується як ароматична або пряна культура для сонячних, добре провітрюваних посадок. Для стабільного росту важливі водопроникний грунт, помірна волога без застою води і достатнє освітлення для щільного росту та виразного аромату. Зимостійкість та витривалість потрібно співвідносити з місцевим мікрокліматом, дренажем і ризиком зимового перезволоження. У Києві вирощується як однорічна культура і не зимує у відкритому ґрунті. Після висадки підтримують рівномірну вологість до вкорінення, далі полив роблять помірним. Посадку не загущують, старі або відцвілі пагони прибирають, а підживлення дають стримано, щоб не отримати пухкий водянистий приріст. Застосування в саду: ароматичні бордюри, пряні грядки, квітники для запилювачів, контейнерні посадки.",source_backed_species_draft,Royal Horticultural Society; Missouri Botanical Garden; Plants of the World Online / Kew,https://www.rhs.org.uk/plants/11649/ocimum-basilicum/details; https://www.rhs.org.uk/herbs/basil/grow-your-own; https://www.missouribotanicalgarden.org/PlantFinder/PlantFinderDetails.aspx?taxonid=281408; https://powo.science.kew.org/results?q=Ocimum%20basilicum,high,"Basil horticulture and plant profile references; food use is described as culinary crop, not as medical advice.",Базилік зелений - саджанці Flora & Aroma,Базилік зелений (Ocimum basilicum). Варіант: CASSETTE-HIKO-V120SS — 30 UAH/шт. Наявність уточнюємо при замовленні.,/images/plants/local/plant-0089-local-01.jpg; /images/plants/local/plant-0089-local-02.jpg,full_sun,medium;moist,30,60,07;08;09,white,tender annual,culinary;aromatic;container,25-30,aromatic_garden,CASSETTE-HIKO-V120SS,30,шт.,CASSETTE-HIKO-V120SS — 30 UAH/шт.,product_variants_pricehistory,VAR-PLANT-0089-V120,CASSETTE-HIKO-V120SS,V-120
PLANT-0002,Безсмертник піщаний,Helichrysum arenarium (L.) Moench,Лікарські рослини,Горщик P9,55,шт.,ready_for_sale,"Сонцелюбна багаторічна рослина з сріблястим листям і жовтими сухоцвітними кошиками. Використовується як декоративна сухоцвітна культура. Зимостійка в умовах Києва, рівень високий.","Сонцелюбна багаторічна рослина з сріблястим листям і жовтими сухоцвітними кошиками. Використовується як декоративна сухоцвітна культура. Безсмертник піщаний (Helichrysum arenarium (L.) Moench) варто висаджувати на освітлених ділянках з водопроникним грунтом і без тривалого перезволоження. Для таких культур критичні чиста посадка, добра циркуляція повітря і контроль зимового вимокання. Зимостійкість та витривалість потрібно співвідносити з місцевим мікрокліматом, дренажем і ризиком зимового перезволоження. Зимостійка в умовах Києва, рівень високий.","Розсаду висаджують після адаптації, перший період поливають помірно, потім не допускають застою води. Для здорового вигляду важливі рівномірний розвиток, здорова листкова маса, чистий контейнер і своєчасне санітарне прибирання.","Застосування в саду: декоративні та природні колекції, природні посадки, сонячні квітники, освітні або ароматичні ділянки.","Сонцелюбна багаторічна рослина з сріблястим листям і жовтими сухоцвітними кошиками. Використовується як декоративна сухоцвітна культура. Безсмертник піщаний (Helichrysum arenarium (L.) Moench) варто висаджувати на освітлених ділянках з водопроникним грунтом і без тривалого перезволоження. Для таких культур критичні чиста посадка, добра циркуляція повітря і контроль зимового вимокання. Зимостійкість та витривалість потрібно співвідносити з місцевим мікрокліматом, дренажем і ризиком зимового перезволоження. Зимостійка в умовах Києва, рівень високий. Розсаду висаджують після адаптації, перший період поливають помірно, потім не допускають застою води. Для здорового вигляду важливі рівномірний розвиток, здорова листкова маса, чистий контейнер і своєчасне санітарне прибирання. Застосування в саду: декоративні та природні колекції, природні посадки, сонячні квітники, освітні або ароматичні ділянки.",source_backed_species_draft,Plants of the World Online / Kew; Royal Horticultural Society; NC State Extension Gardener Plant Toolbox; Missouri Botanical Garden,https://powo.science.kew.org/results?q=Helichrysum%20arenarium%20%28L.%29%20Moench; https://www.rhs.org.uk/plants/search-form?query=Helichrysum%20arenarium%20%28L.%29%20Moench; https://plants.ces.ncsu.edu/find_a_plant/?q=Helichrysum%20arenarium%20%28L.%29%20Moench; https://www.missouribotanicalgarden.org/PlantFinder/PlantFinderSearch.aspx?search=Helichrysum%20arenarium%20%28L.%29%20Moench,medium,Short description prepared from conservative reference traits and operator-confirmed label/taxonomy. Verify cultivar-specific claims before printing polished catalog.,Безсмертник піщаний - саджанці Flora & Aroma,,/images/plants/local/plant-0002-local-03.jpg; /images/plants/plant-0002.jpg; /images/plants/local/plant-0002-local-01.jpg,full_sun,dry,15,30,07;08;09,yellow,USDA 4-8,medicinal;dry_site;rock_garden,20-30,drought_tolerant;low_maintenance,Горщик P9,55,шт.,Горщик P9 — 55 UAH/шт.,product_variants_pricehistory,VAR-PLANT-0002-P9,POT-P9,P9
PLANT-0052,Вербена буенос-айреська,Verbena bonariensis,Декоративні багаторічники,CASSETTE-HIKO-V120SS,30,шт.,ready_for_sale,"Висока повітряна багаторічна вербена з тонкими стеблами і дрібними фіолетовими суцвіттями. Добре працює у природних квітниках, привертає запилювачів і любить сонце. Не має надійної зимостійкості у відкритому ґрунті в умовах Києва; рівень низький, потрібне зимове укриття.","Висока повітряна багаторічна вербена з тонкими стеблами і дрібними фіолетовими суцвіттями. Добре працює у природних квітниках, привертає запилювачів і любить сонце. Вербена буенос-айреська (Verbena bonariensis) підходить для змішаних квітників, бордюрів і природних садових композицій. Для стабільного росту важливі відповідне освітлення, водопроникний грунт і відсутність тривалого застою води. Зимостійкість та витривалість потрібно співвідносити з місцевим мікрокліматом, дренажем і ризиком зимового перезволоження. Не має надійної зимостійкості у відкритому ґрунті в умовах Києва; рівень низький, потрібне зимове укриття.","Після висадки підтримують вкорінення помірним поливом, не загущують рослини і стежать за чистотою посадки. Санітарне прибирання, легке мульчування і помірне живлення допомагають зберігати декоративність протягом сезону.","Застосування в саду: квітники, бордюри, міксбордери, природні посадки і садові та ландшафтні посадки. Рослину варто підбирати за умовами ділянки та роллю в композиції.","Висока повітряна багаторічна вербена з тонкими стеблами і дрібними фіолетовими суцвіттями. Добре працює у природних квітниках, привертає запилювачів і любить сонце. Вербена буенос-айреська (Verbena bonariensis) підходить для змішаних квітників, бордюрів і природних садових композицій. Для стабільного росту важливі відповідне освітлення, водопроникний грунт і відсутність тривалого застою води. Зимостійкість та витривалість потрібно співвідносити з місцевим мікрокліматом, дренажем і ризиком зимового перезволоження. Не має надійної зимостійкості у відкритому ґрунті в умовах Києва; рівень низький, потрібне зимове укриття. Після висадки підтримують вкорінення помірним поливом, не загущують рослини і стежать за чистотою посадки. Санітарне прибирання, легке мульчування і помірне живлення допомагають зберігати декоративність протягом сезону. Застосування в саду: квітники, бордюри, міксбордери, природні посадки і садові та ландшафтні посадки. Рослину варто підбирати за умовами ділянки та роллю в композиції.",source_backed_species_draft,Plants of the World Online / Kew; Royal Horticultural Society; NC State Extension Gardener Plant Toolbox; Missouri Botanical Garden,https://powo.science.kew.org/results?q=Verbena%20bonariensis; https://www.rhs.org.uk/plants/search-form?query=Verbena%20bonariensis; https://plants.ces.ncsu.edu/find_a_plant/?q=Verbena%20bonariensis; https://www.missouribotanicalgarden.org/PlantFinder/PlantFinderSearch.aspx?search=Verbena%20bonariensis,medium,Short description prepared from conservative reference traits and operator-confirmed label/taxonomy. Verify cultivar-specific claims before printing polished catalog.,Вербена буенос-айреська - саджанці Flora & Aroma,Вербена буенос-айреська (Verbena bonariensis). Від 30 UAH/шт. Варіанти: CASSETTE-HIKO-V120SS — 30 UAH/шт.; Горщик P11 — 65 UAH/шт.; Горщик P15 — 95 UAH/шт. Наявність уточнюємо при замовленні.,/images/plants/local/plant-0052-local-03.jpg; /images/plants/local/plant-0052-local-gallery-01.jpg; /images/plants/local/plant-0052-local-gallery-02.jpg; /images/plants/local/plant-0052-local-gallery-03.webp; /images/plants/plant-0052-commons.jpg; /images/plants/local/plant-0052-card-01.png,full_sun,dry;medium,90,180,07;08;09;10,purple,USDA 7-11 / often annual,pollinator;border;cut_flower,30-45,pollinator_plants;border_plants,CASSETTE-HIKO-V120SS;Горщик P11;Горщик P15,30;65;95,шт.;шт.;шт.,CASSETTE-HIKO-V120SS — 30 UAH/шт.;Горщик P11 — 65 UAH/шт.;Горщик P15 — 95 UAH/шт.,product_variants_pricehistory,VAR-PLANT-0052-V120;VAR-PLANT-0052-P11;VAR-PLANT-0052-P15,CASSETTE-HIKO-V120SS;POT-P11;POT-P15,V-120;P11;P15
PLANT-0048,Вівсяниця сиза 'Freddy',Festuca glauca,Рослини для саду,CASSETTE-HIKO-V120SS,30,шт.,ready_for_sale,"Компактний декоративний злак із сизим листям, що формує щільні купини. Добре підходить для бордюрів, рокаріїв і сонячних композицій; потребує дренованого ґрунту. Зимостійка в умовах Києва, рівень високий.","Компактний декоративний злак із сизим листям, що формує щільні купини. Добре підходить для бордюрів, рокаріїв і сонячних композицій; потребує дренованого ґрунту. Вівсяниця сиза 'Freddy' (Festuca glauca) працює як структурна рослина для сонячних або добре освітлених композицій. Для стабільної декоративності потрібні дренований грунт, помірна родючість і відсутність застою води біля кореневої шийки. Зимостійкість та витривалість потрібно співвідносити з місцевим мікрокліматом, дренажем і ризиком зимового перезволоження. Зимостійка в умовах Києва, рівень високий.","Після посадки важливо дати рослині рівномірно вкоренитися, не переливати і не загущувати куртини. Старе листя прибирають після втрати декоративності або навесні, щоб новий приріст був чистим.","Застосування в саду: бордюри, масиви, природні сади, міксбордери, фактурні акценти біля доріжок і контейнерні композиції. Цінна як рослина для структури, руху і сезонного обєму.","Компактний декоративний злак із сизим листям, що формує щільні купини. Добре підходить для бордюрів, рокаріїв і сонячних композицій; потребує дренованого ґрунту. Вівсяниця сиза 'Freddy' (Festuca glauca) працює як структурна рослина для сонячних або добре освітлених композицій. Для стабільної декоративності потрібні дренований грунт, помірна родючість і відсутність застою води біля кореневої шийки. Зимостійкість та витривалість потрібно співвідносити з місцевим мікрокліматом, дренажем і ризиком зимового перезволоження. Зимостійка в умовах Києва, рівень високий. Після посадки важливо дати рослині рівномірно вкоренитися, не переливати і не загущувати куртини. Старе листя прибирають після втрати декоративності або навесні, щоб новий приріст був чистим. Застосування в саду: бордюри, масиви, природні сади, міксбордери, фактурні акценти біля доріжок і контейнерні композиції. Цінна як рослина для структури, руху і сезонного обєму.",source_backed_species_draft,Plants of the World Online / Kew; Royal Horticultural Society; NC State Extension Gardener Plant Toolbox; Missouri Botanical Garden,https://powo.science.kew.org/results?q=Festuca%20glauca; https://www.rhs.org.uk/plants/search-form?query=Festuca%20glauca; https://plants.ces.ncsu.edu/find_a_plant/?q=Festuca%20glauca; https://www.missouribotanicalgarden.org/PlantFinder/PlantFinderSearch.aspx?search=Festuca%20glauca,medium,Short description prepared from conservative reference traits and operator-confirmed label/taxonomy. Verify cultivar-specific claims before printing polished catalog.,Вівсяниця сиза 'Freddy' - саджанці Flora & Aroma,Вівсяниця сиза 'Freddy' (Festuca glauca). Від 30 UAH/шт. Варіанти: CASSETTE-HIKO-V120SS — 30 UAH/шт.; Горщик P9 — 55 UAH/шт. Наявність уточнюємо при замовленні.,/images/plants/plant-0048.jpg; /images/plants/local/plant-0048-format-01.jpg; /images/plants/local/plant-0048-local-01.jpg; /images/plants/local/plant-0048-card-01.png,full_sun,dry;medium,20,30,05;06,green;tan,USDA 4-8,ornamental_grass;border;groundcover;rock_garden,25-30,drought_tolerant;border_plants;low_maintenance,CASSETTE-HIKO-V120SS;Горщик P9,30;55,шт.;шт.,CASSETTE-HIKO-V120SS — 30 UAH/шт.;Горщик P9 — 55 UAH/шт.,product_variants_pricehistory,VAR-PLANT-0048-V120;VAR-PLANT-0048-P9,CASSETTE-HIKO-V120SS;POT-P9,V-120;P9
PLANT-0004,Гвоздика бородата,Dianthus barbatus,Декоративні багаторічники,CASSETTE-HIKO-V120SS,30,шт.,ready_for_sale,"Квіткова багаторічна або дворічна культура з щільними суцвіттями яскравих квіток. Підходить для клумб, бордюрів і зрізу; краще цвіте на сонячних ділянках. Зимостійка в умовах Києва, рівень високий.","Квіткова багаторічна або дворічна культура з щільними суцвіттями яскравих квіток. Підходить для клумб, бордюрів і зрізу; краще цвіте на сонячних ділянках. Гвоздика бородата (Dianthus barbatus) підходить для змішаних квітників, бордюрів і природних садових композицій. Для стабільного росту важливі відповідне освітлення, водопроникний грунт і відсутність тривалого застою води. Зимостійкість та витривалість потрібно співвідносити з місцевим мікрокліматом, дренажем і ризиком зимового перезволоження. Зимостійка в умовах Києва, рівень високий.","Після висадки підтримують вкорінення помірним поливом, не загущують рослини і стежать за чистотою посадки. Санітарне прибирання, легке мульчування і помірне живлення допомагають зберігати декоративність протягом сезону.","Застосування в саду: квітники, бордюри, міксбордери, природні посадки і садові та ландшафтні посадки. Рослину варто підбирати за умовами ділянки та роллю в композиції.","Квіткова багаторічна або дворічна культура з щільними суцвіттями яскравих квіток. Підходить для клумб, бордюрів і зрізу; краще цвіте на сонячних ділянках. Гвоздика бородата (Dianthus barbatus) підходить для змішаних квітників, бордюрів і природних садових композицій. Для стабільного росту важливі відповідне освітлення, водопроникний грунт і відсутність тривалого застою води. Зимостійкість та витривалість потрібно співвідносити з місцевим мікрокліматом, дренажем і ризиком зимового перезволоження. Зимостійка в умовах Києва, рівень високий. Після висадки підтримують вкорінення помірним поливом, не загущують рослини і стежать за чистотою посадки. Санітарне прибирання, легке мульчування і помірне живлення допомагають зберігати декоративність протягом сезону. Застосування в саду: квітники, бордюри, міксбордери, природні посадки і садові та ландшафтні посадки. Рослину варто підбирати за умовами ділянки та роллю в композиції.",source_backed_species_draft,Plants of the World Online / Kew; Royal Horticultural Society; NC State Extension Gardener Plant Toolbox; Missouri Botanical Garden,https://powo.science.kew.org/results?q=Dianthus%20barbatus; https://www.rhs.org.uk/plants/search-form?query=Dianthus%20barbatus; https://plants.ces.ncsu.edu/find_a_plant/?q=Dianthus%20barbatus; https://www.missouribotanicalgarden.org/PlantFinder/PlantFinderSearch.aspx?search=Dianthus%20barbatus,medium,Short description prepared from conservative reference traits and operator-confirmed label/taxonomy. Verify cultivar-specific claims before printing polished catalog.,Гвоздика бородата - саджанці Flora & Aroma,Гвоздика бородата (Dianthus barbatus). Варіант: CASSETTE-HIKO-V120SS — 30 UAH/шт. Наявність уточнюємо при замовленні.,/images/plants/local/plant-0004-local-01.jpg; /images/plants/local/plant-0004-format-01.jpg; /images/plants/local/plant-0004-local-02.jpg; /images/plants/local/plant-0004-local-03.jpg; /images/plants/local/plant-0004-card-01.png,full_sun;part_sun,medium,30,60,05;06;07,mixed,USDA 3-9,border;cut_flower;pollinator,20-30,border_plants;pollinator_plants,CASSETTE-HIKO-V120SS,30,шт.,CASSETTE-HIKO-V120SS — 30 UAH/шт.,product_variants_pricehistory,VAR-PLANT-0004-V120,CASSETTE-HIKO-V120SS,V-120
PLANT-0063,Дуб звичайний,Quercus robur,Дерева,CASSETTE-HIKO-V265,35,шт.,ready_for_sale,"Довговічне листопадне дерево з широкою кроною, цінне для парків, алей і природних насаджень. Потребує простору, сонячного місця і достатньо глибокого ґрунту. Зимостійка в умовах Києва, рівень високий.","Довговічне листопадне дерево з широкою кроною, цінне для парків, алей і природних насаджень. Потребує простору, сонячного місця і достатньо глибокого ґрунту. Дуб звичайний (Quercus robur) є довгостроковою деревною культурою, тому ключове рішення - правильне місце з достатнім простором для майбутньої крони і кореневої системи. Потрібні структурний грунт, дренаж і відсутність ущільнення. Зимостійкість та витривалість потрібно співвідносити з місцевим мікрокліматом, дренажем і ризиком зимового перезволоження. Зимостійка в умовах Києва, рівень високий.","Під час висадки зберігають кореневу грудку, не заглиблюють кореневу шийку, добре проливають посадкову яму і мульчують пристовбурову зону. Перший сезон контролюють вологу без заболочення і захищають рослину від механічних пошкоджень.","Застосування в саду: приватні сади, паркові й алейні посадки, довгострокові ландшафтні композиції, тінь або структурний акцент. Важливо врахувати майбутній розмір і вимоги до місця.","Довговічне листопадне дерево з широкою кроною, цінне для парків, алей і природних насаджень. Потребує простору, сонячного місця і достатньо глибокого ґрунту. Дуб звичайний (Quercus robur) є довгостроковою деревною культурою, тому ключове рішення - правильне місце з достатнім простором для майбутньої крони і кореневої системи. Потрібні структурний грунт, дренаж і відсутність ущільнення. Зимостійкість та витривалість потрібно співвідносити з місцевим мікрокліматом, дренажем і ризиком зимового перезволоження. Зимостійка в умовах Києва, рівень високий. Під час висадки зберігають кореневу грудку, не заглиблюють кореневу шийку, добре проливають посадкову яму і мульчують пристовбурову зону. Перший сезон контролюють вологу без заболочення і захищають рослину від механічних пошкоджень. Застосування в саду: приватні сади, паркові й алейні посадки, довгострокові ландшафтні композиції, тінь або структурний акцент. Важливо врахувати майбутній розмір і вимоги до місця.",source_backed_species_draft,Plants of the World Online / Kew; Royal Horticultural Society; NC State Extension Gardener Plant Toolbox; Missouri Botanical Garden,https://powo.science.kew.org/results?q=Quercus%20robur; https://www.rhs.org.uk/plants/search-form?query=Quercus%20robur; https://plants.ces.ncsu.edu/find_a_plant/?q=Quercus%20robur; https://www.missouribotanicalgarden.org/PlantFinder/PlantFinderSearch.aspx?search=Quercus%20robur,medium,Short description prepared from conservative reference traits and operator-confirmed label/taxonomy. Verify cultivar-specific claims before printing polished catalog.,Дуб звичайний - саджанці Flora & Aroma,Дуб звичайний (Quercus robur). Варіант: CASSETTE-HIKO-V265 — 35 UAH/шт. Наявність уточнюємо при замовленні.,/images/plants/plant-0063.jpg; /images/plants/local/plant-0063-local-04.jpg; /images/plants/local/plant-0063-local-03.jpg; /images/plants/local/plant-0063-local-02.jpg,full_sun,medium,1500,2500,04;05,green;inconspicuous,USDA 4-8,tree;shade;landscape,600-1000,low_maintenance,CASSETTE-HIKO-V265,35,шт.,CASSETTE-HIKO-V265 — 35 UAH/шт.,product_variants_pricehistory,VAR-PLANT-0063-V265,CASSETTE-HIKO-V265,V-265
PLANT-0045,Ехіум червоний,Echium russicum,Декоративні багаторічники,CASSETTE-HIKO-V120SS,30,шт.,ready_for_sale,"Дворічна або недовговічна багаторічна рослина з вертикальними стеблами і червонуватими квітками. Цінна для сонячних природних квітників і медоносних посадок. Зимостійка в умовах Києва, рівень високий.","Дворічна або недовговічна багаторічна рослина з вертикальними стеблами і червонуватими квітками. Цінна для сонячних природних квітників і медоносних посадок. Ехіум червоний (Echium russicum) підходить для змішаних квітників, бордюрів і природних садових композицій. Для стабільного росту важливі відповідне освітлення, водопроникний грунт і відсутність тривалого застою води. Зимостійкість та витривалість потрібно співвідносити з місцевим мікрокліматом, дренажем і ризиком зимового перезволоження. Зимостійка в умовах Києва, рівень високий.","Після висадки підтримують вкорінення помірним поливом, не загущують рослини і стежать за чистотою посадки. Санітарне прибирання, легке мульчування і помірне живлення допомагають зберігати декоративність протягом сезону.","Застосування в саду: квітники, бордюри, міксбордери, природні посадки і садові та ландшафтні посадки. Рослину варто підбирати за умовами ділянки та роллю в композиції.","Дворічна або недовговічна багаторічна рослина з вертикальними стеблами і червонуватими квітками. Цінна для сонячних природних квітників і медоносних посадок. Ехіум червоний (Echium russicum) підходить для змішаних квітників, бордюрів і природних садових композицій. Для стабільного росту важливі відповідне освітлення, водопроникний грунт і відсутність тривалого застою води. Зимостійкість та витривалість потрібно співвідносити з місцевим мікрокліматом, дренажем і ризиком зимового перезволоження. Зимостійка в умовах Києва, рівень високий. Після висадки підтримують вкорінення помірним поливом, не загущують рослини і стежать за чистотою посадки. Санітарне прибирання, легке мульчування і помірне живлення допомагають зберігати декоративність протягом сезону. Застосування в саду: квітники, бордюри, міксбордери, природні посадки і садові та ландшафтні посадки. Рослину варто підбирати за умовами ділянки та роллю в композиції.",source_backed_species_draft,Plants of the World Online / Kew; Royal Horticultural Society; NC State Extension Gardener Plant Toolbox; Missouri Botanical Garden,https://powo.science.kew.org/results?q=Echium%20russicum; https://www.rhs.org.uk/plants/search-form?query=Echium%20russicum; https://plants.ces.ncsu.edu/find_a_plant/?q=Echium%20russicum; https://www.missouribotanicalgarden.org/PlantFinder/PlantFinderSearch.aspx?search=Echium%20russicum,medium,Short description prepared from conservative reference traits and operator-confirmed label/taxonomy. Verify cultivar-specific claims before printing polished catalog.,Ехіум червоний - саджанці Flora & Aroma,Ехіум червоний (Echium russicum). Від 30 UAH/шт. Варіанти: CASSETTE-HIKO-V120SS — 30 UAH/шт.; Горщик P9 — 55 UAH/шт. Наявність уточнюємо при замовленні.,/images/plants/local/plant-0045-local-gallery-01.jpg; /images/plants/local/plant-0045-format-01.jpg; /images/plants/plant-0045.webp; /images/plants/local/plant-0045-card-01.jpg,full_sun,dry;medium,50,100,06;07,red,USDA 4-8,pollinator;dry_site;naturalistic,30-45,drought_tolerant;pollinator_plants;border_plants,CASSETTE-HIKO-V120SS;Горщик P9,30;55,шт.;шт.,CASSETTE-HIKO-V120SS — 30 UAH/шт.;Горщик P9 — 55 UAH/шт.,product_variants_pricehistory,VAR-PLANT-0045-V120;VAR-PLANT-0045-P9,CASSETTE-HIKO-V120SS;POT-P9,V-120;P9
PLANT-0051,Каламінта котовникова,Calamintha nepeta,Декоративні багаторічники,CASSETTE-HIKO-V120SS,30,шт.,ready_for_sale,"Ароматична багаторічна рослина з дрібним листям і світлими квітками, близька за виглядом до м’ятних культур. Добра для бордюрів, ароматичних садів і сонячних квітників. Зимостійка в умовах Києва, рівень достатній.","Ароматична багаторічна рослина з дрібним листям і світлими квітками, близька за виглядом до м’ятних культур. Добра для бордюрів, ароматичних садів і сонячних квітників. Каламінта котовникова (Calamintha nepeta) описується як ароматична або пряна культура для сонячних, добре провітрюваних посадок. Для стабільного росту важливі водопроникний грунт, помірна волога без застою води і достатнє освітлення для щільного росту та виразного аромату. Зимостійкість та витривалість потрібно співвідносити з місцевим мікрокліматом, дренажем і ризиком зимового перезволоження. Зимостійка в умовах Києва, рівень достатній.","Після висадки підтримують рівномірну вологість до вкорінення, далі полив роблять помірним. Посадку не загущують, старі або відцвілі пагони прибирають, а підживлення дають стримано, щоб не отримати пухкий водянистий приріст.","Застосування в саду: ароматичні бордюри, пряні грядки, квітники для запилювачів, контейнерні посадки.","Ароматична багаторічна рослина з дрібним листям і світлими квітками, близька за виглядом до м’ятних культур. Добра для бордюрів, ароматичних садів і сонячних квітників. Каламінта котовникова (Calamintha nepeta) описується як ароматична або пряна культура для сонячних, добре провітрюваних посадок. Для стабільного росту важливі водопроникний грунт, помірна волога без застою води і достатнє освітлення для щільного росту та виразного аромату. Зимостійкість та витривалість потрібно співвідносити з місцевим мікрокліматом, дренажем і ризиком зимового перезволоження. Зимостійка в умовах Києва, рівень достатній. Після висадки підтримують рівномірну вологість до вкорінення, далі полив роблять помірним. Посадку не загущують, старі або відцвілі пагони прибирають, а підживлення дають стримано, щоб не отримати пухкий водянистий приріст. Застосування в саду: ароматичні бордюри, пряні грядки, квітники для запилювачів, контейнерні посадки.",source_backed_species_draft,Plants of the World Online / Kew; Royal Horticultural Society; NC State Extension Gardener Plant Toolbox; Missouri Botanical Garden,https://powo.science.kew.org/results?q=Calamintha%20nepeta; https://www.rhs.org.uk/plants/search-form?query=Calamintha%20nepeta; https://plants.ces.ncsu.edu/find_a_plant/?q=Calamintha%20nepeta; https://www.missouribotanicalgarden.org/PlantFinder/PlantFinderSearch.aspx?search=Calamintha%20nepeta,medium,Short description prepared from conservative reference traits and operator-confirmed label/taxonomy. Verify cultivar-specific claims before printing polished catalog.,Каламінта котовникова - саджанці Flora & Aroma,Каламінта котовникова (Calamintha nepeta). Від 30 UAH/шт. Варіанти: CASSETTE-HIKO-V120SS — 30 UAH/шт.; Горщик P9 — 55 UAH/шт.; Горщик P11 — 65 UAH/шт. Наявність уточнюємо при замовленні.,/images/plants/local/plant-0051-local-01.jpg; /images/plants/local/plant-0051-format-02.jpg; /images/plants/local/plant-0051-local-03.jpg; /images/plants/plant-0051-local-review.jpg; /images/plants/local/plant-0051-local-02.jpg; /images/plants/local/plant-0051-card-01.png,full_sun,dry;medium,30,45,07;08;09,white;lilac,USDA 5-9,aromatic;pollinator;border,30-40,aromatic_garden;pollinator_plants;drought_tolerant;border_plants;low_maintenance,CASSETTE-HIKO-V120SS;Горщик P9;Горщик P11,30;55;65,шт.;шт.;шт.,CASSETTE-HIKO-V120SS — 30 UAH/шт.;Горщик P9 — 55 UAH/шт.;Горщик P11 — 65 UAH/шт.,product_variants_pricehistory,VAR-PLANT-0051-V120;VAR-PLANT-0051-P9;VAR-PLANT-0051-P11,CASSETTE-HIKO-V120SS;POT-P9;POT-P11,V-120;P9;P11
PLANT-0042,Кніфофія ягідна,Kniphofia uvaria,Декоративні багаторічники,CASSETTE-HIKO-V120SS,30,шт.,ready_for_sale,"Ефектна багаторічна рослина з мечоподібним листям і високими суцвіттями теплих жовто-помаранчевих тонів. Потребує сонця, дренованого ґрунту і місця без застою води. Зимостійка в умовах Києва, рівень достатній.","Ефектна багаторічна рослина з мечоподібним листям і високими суцвіттями теплих жовто-помаранчевих тонів. Потребує сонця, дренованого ґрунту і місця без застою води. Кніфофія ягідна (Kniphofia uvaria) підходить для змішаних квітників, бордюрів і природних садових композицій. Для стабільного росту важливі відповідне освітлення, водопроникний грунт і відсутність тривалого застою води. Зимостійкість та витривалість потрібно співвідносити з місцевим мікрокліматом, дренажем і ризиком зимового перезволоження. Зимостійка в умовах Києва, рівень достатній.","Після висадки підтримують вкорінення помірним поливом, не загущують рослини і стежать за чистотою посадки. Санітарне прибирання, легке мульчування і помірне живлення допомагають зберігати декоративність протягом сезону.","Застосування в саду: квітники, бордюри, міксбордери, природні посадки і садові та ландшафтні посадки. Рослину варто підбирати за умовами ділянки та роллю в композиції.","Ефектна багаторічна рослина з мечоподібним листям і високими суцвіттями теплих жовто-помаранчевих тонів. Потребує сонця, дренованого ґрунту і місця без застою води. Кніфофія ягідна (Kniphofia uvaria) підходить для змішаних квітників, бордюрів і природних садових композицій. Для стабільного росту важливі відповідне освітлення, водопроникний грунт і відсутність тривалого застою води. Зимостійкість та витривалість потрібно співвідносити з місцевим мікрокліматом, дренажем і ризиком зимового перезволоження. Зимостійка в умовах Києва, рівень достатній. Після висадки підтримують вкорінення помірним поливом, не загущують рослини і стежать за чистотою посадки. Санітарне прибирання, легке мульчування і помірне живлення допомагають зберігати декоративність протягом сезону. Застосування в саду: квітники, бордюри, міксбордери, природні посадки і садові та ландшафтні посадки. Рослину варто підбирати за умовами ділянки та роллю в композиції.",source_backed_species_draft,Plants of the World Online / Kew; Royal Horticultural Society; NC State Extension Gardener Plant Toolbox; Missouri Botanical Garden,https://powo.science.kew.org/results?q=Kniphofia%20uvaria; https://www.rhs.org.uk/plants/search-form?query=Kniphofia%20uvaria; https://plants.ces.ncsu.edu/find_a_plant/?q=Kniphofia%20uvaria; https://www.missouribotanicalgarden.org/PlantFinder/PlantFinderSearch.aspx?search=Kniphofia%20uvaria,medium,Short description prepared from conservative reference traits and operator-confirmed label/taxonomy. Verify cultivar-specific claims before printing polished catalog.,Кніфофія ягідна - саджанці Flora & Aroma,Кніфофія ягідна (Kniphofia uvaria). Від 30 UAH/шт. Варіанти: CASSETTE-HIKO-V120SS — 30 UAH/шт.; Горщик P9 — 55 UAH/шт. Наявність уточнюємо при замовленні.,/images/plants/local/plant-0042-local-gallery-06.jpg; /images/plants/local/plant-0042-format-01.jpg; /images/plants/plant-0042-local-review.jpg; /images/plants/local/plant-0042-local-02.jpg; /images/plants/local/plant-0042-local-03.jpg; /images/plants/plant-0042-local-review.jpg; /images/plants/local/plant-0042-card-01.png,full_sun,medium,90,120,06;07;08;09,orange;yellow;red,USDA 5-9,accent;border;pollinator,45-60,border_plants;pollinator_plants,CASSETTE-HIKO-V120SS;Горщик P9,30;55,шт.;шт.,CASSETTE-HIKO-V120SS — 30 UAH/шт.;Горщик P9 — 55 UAH/шт.,product_variants_pricehistory,VAR-PLANT-0042-V120;VAR-PLANT-0042-P9,CASSETTE-HIKO-V120SS;POT-P9,V-120;P9
PLANT-0055,Лаванда широколиста,Lavandula latifolia,Ароматичні рослини,CASSETTE-HIKO-V120SS,30,шт.,ready_for_sale,"Широколиста лаванда з ароматним листям і квітконосами, більш теплолюбна за вузьколисту. Підходить для сонячних ароматичних посадок і контейнерів із добрим дренажем. Не має надійної зимостійкості у відкритому ґрунті в умовах Києва; рівень низький, потрібне зимове укриття.","Широколиста лаванда з ароматним листям і квітконосами, більш теплолюбна за вузьколисту. Підходить для сонячних ароматичних посадок і контейнерів із добрим дренажем. Лаванда широколиста (Lavandula latifolia) описується як ароматична або пряна культура для сонячних, добре провітрюваних посадок. Для стабільного росту важливі водопроникний грунт, помірна волога без застою води і достатнє освітлення для щільного росту та виразного аромату. Зимостійкість та витривалість потрібно співвідносити з місцевим мікрокліматом, дренажем і ризиком зимового перезволоження. Не має надійної зимостійкості у відкритому ґрунті в умовах Києва; рівень низький, потрібне зимове укриття.","Після висадки підтримують рівномірну вологість до вкорінення, далі полив роблять помірним. Посадку не загущують, старі або відцвілі пагони прибирають, а підживлення дають стримано, щоб не отримати пухкий водянистий приріст.","Застосування в саду: ароматичні бордюри, пряні грядки, квітники для запилювачів, контейнерні посадки.","Широколиста лаванда з ароматним листям і квітконосами, більш теплолюбна за вузьколисту. Підходить для сонячних ароматичних посадок і контейнерів із добрим дренажем. Лаванда широколиста (Lavandula latifolia) описується як ароматична або пряна культура для сонячних, добре провітрюваних посадок. Для стабільного росту важливі водопроникний грунт, помірна волога без застою води і достатнє освітлення для щільного росту та виразного аромату. Зимостійкість та витривалість потрібно співвідносити з місцевим мікрокліматом, дренажем і ризиком зимового перезволоження. Не має надійної зимостійкості у відкритому ґрунті в умовах Києва; рівень низький, потрібне зимове укриття. Після висадки підтримують рівномірну вологість до вкорінення, далі полив роблять помірним. Посадку не загущують, старі або відцвілі пагони прибирають, а підживлення дають стримано, щоб не отримати пухкий водянистий приріст. Застосування в саду: ароматичні бордюри, пряні грядки, квітники для запилювачів, контейнерні посадки.",source_backed_species_draft,Plants of the World Online / Kew; Royal Horticultural Society; NC State Extension Gardener Plant Toolbox; Missouri Botanical Garden,https://powo.science.kew.org/results?q=Lavandula%20latifolia; https://www.rhs.org.uk/plants/search-form?query=Lavandula%20latifolia; https://plants.ces.ncsu.edu/find_a_plant/?q=Lavandula%20latifolia; https://www.missouribotanicalgarden.org/PlantFinder/PlantFinderSearch.aspx?search=Lavandula%20latifolia,medium,Short description prepared from conservative reference traits and operator-confirmed label/taxonomy. Verify cultivar-specific claims before printing polished catalog.,Лаванда широколиста - саджанці Flora & Aroma,Лаванда широколиста (Lavandula latifolia). Від 30 UAH/шт. Варіанти: CASSETTE-HIKO-V120SS — 30 UAH/шт.; Горщик P9 — 55 UAH/шт. Наявність уточнюємо при замовленні.,/images/plants/local/plant-0055-local-01.jpg; /images/plants/local/plant-0055-format-01.jpg; /images/plants/local/plant-0055-local-02.jpg; /images/plants/local/plant-0055-local-03.jpg; /images/plants/local/plant-0055-card-01.jpg,full_sun,dry,60,90,07;08;09,violet;blue,USDA 7-10,aromatic;pollinator;dry_site,45-60,aromatic_garden;pollinator_plants;drought_tolerant,CASSETTE-HIKO-V120SS;Горщик P9,30;55,шт.;шт.,CASSETTE-HIKO-V120SS — 30 UAH/шт.;Горщик P9 — 55 UAH/шт.,product_variants_pricehistory,VAR-PLANT-0055-V120;VAR-PLANT-0055-P9,CASSETTE-HIKO-V120SS;POT-P9,V-120;P9
PLANT-0035,Левізія 'Elise Mix',Lewisia cotyledon,Декоративні багаторічники,CASSETTE-HIKO-V120SS,40,шт.,ready_for_sale,"Компактна розеткова багаторічна рослина з яскравим цвітінням для контейнерів, рокаріїв і альпінаріїв. Потребує дуже доброго дренажу та захисту від зимового перезволоження. Зимостійка в умовах Києва, рівень достатній.","Lewisia cotyledon походить із умов, де ключовими для культури є сонце, повітропроникний мінеральний субстрат і відсутність застою води біля кореневої шийки. У саду найкраще працює в рокаріях, піднятих грядках, контейнерах і альпінаріях, де можна контролювати дренаж. Зимостійка в умовах Києва, рівень достатній.","Після висаджування підтримують помірну вологість тільки до вкорінення, далі полив має бути стриманим. Рослину не варто заглиблювати, а посадкове місце бажано робити з кам’янистим або піщаним дренажним шаром. Узимку головний ризик не мороз, а надлишкова волога.","Застосування в саду: контейнери, альпінаріїв, кам’янистих садів, переднього плану квітника і подарункових рослин. Добре виглядає як виразна компактна культура, але потребує добре дренованого місця.","Lewisia cotyledon походить із умов, де ключовими для культури є сонце, повітропроникний мінеральний субстрат і відсутність застою води біля кореневої шийки. У саду найкраще працює в рокаріях, піднятих грядках, контейнерах і альпінаріях, де можна контролювати дренаж. Зимостійка в умовах Києва, рівень достатній. Після висаджування підтримують помірну вологість тільки до вкорінення, далі полив має бути стриманим. Рослину не варто заглиблювати, а посадкове місце бажано робити з кам’янистим або піщаним дренажним шаром. Узимку головний ризик не мороз, а надлишкова волога. Застосування в саду: контейнери, альпінаріїв, кам’янистих садів, переднього плану квітника і подарункових рослин. Добре виглядає як виразна компактна культура, але потребує добре дренованого місця.",operator_approved,Plants of the World Online / Kew; Royal Horticultural Society; NC State Extension Gardener Plant Toolbox; Missouri Botanical Garden; Royal Horticultural Society; Missouri Botanical Garden Plant Finder,https://powo.science.kew.org/results?q=Lewisia%20cotyledon; https://www.rhs.org.uk/plants/search-form?query=Lewisia%20cotyledon; https://plants.ces.ncsu.edu/find_a_plant/?q=Lewisia%20cotyledon; https://www.missouribotanicalgarden.org/PlantFinder/PlantFinderSearch.aspx?search=Lewisia%20cotyledon,medium,Published after operator approval 2026-07-06; exact public availability is still confirmed at order time.,Левізія 'Elise Mix' - саджанці Flora & Aroma,Левізія 'Elise Mix' (Lewisia cotyledon). Варіант: CASSETTE-HIKO-V120SS — 40 UAH/шт. Наявність уточнюємо при замовленні.,/images/plants/local/plant-0035-local-01.jpg; /images/plants/local/plant-0035-local-05.jpg; /images/plants/local/plant-0035-local-06.jpg; /images/plants/local/plant-0035-format-01.jpg; /images/plants/local/plant-0035-local-02.jpg; /images/plants/local/plant-0035-local-03.jpg; /images/plants/local/plant-0035-local-04.webp; /images/plants/local/plant-0035-card-01.png,full_sun;part_sun,dry;medium,10,25,05;06;07;08,mixed,USDA 5-8,rock_garden;container;border;dry_site,20-25,drought_tolerant;border_plants;low_maintenance,CASSETTE-HIKO-V120SS,40,шт.,CASSETTE-HIKO-V120SS — 40 UAH/шт.,product_variants_pricehistory,VAR-PLANT-0035-V120,CASSETTE-HIKO-V120SS,V-120
PLANT-0037,М'ята гірська,Pycnanthemum muticum,Ароматичні рослини,CASSETTE-HIKO-V120SS,30,шт.,ready_for_sale,"Ароматичний багаторічник із м’ятним запахом, сріблястими приквітками та дрібними білими або блідо-лавандовими квітками. Добрий для природних посадок, ароматичних бордюрів і ділянок для запилювачів. Зимостійка в умовах Києва, рівень високий.","Ароматичний багаторічник із м'ятним запахом, сріблястими верхніми листками і дрібними білими або блідо-лавандовими квітками. Добре підходить для природних квітників, ароматичних бордюрів і ділянок для запилювачів. Найкраще росте на сонці або в легкій півтіні на помірно вологому, добре дренованому грунті. Зимостійка в умовах Києва, рівень високий.","Після висадки підтримують рівномірну вологість до вкорінення, далі поливають помірно без застою води. Для щільної декоративної куртини висаджують на сонці або в легкій півтіні. Рослина може розростатися кореневищами; якщо потрібна компактна пляма, край куртини періодично підрізають або обмежують.","Застосування в саду: природні квітники, ароматичні бордюри, ділянки для запилювачів, дощові або помірно вологі садові композиції.","Ароматичний багаторічник із м'ятним запахом, сріблястими верхніми листками і дрібними білими або блідо-лавандовими квітками. Добре підходить для природних квітників, ароматичних бордюрів і ділянок для запилювачів. Найкраще росте на сонці або в легкій півтіні на помірно вологому, добре дренованому грунті. Зимостійка в умовах Києва, рівень високий. Після висадки підтримують рівномірну вологість до вкорінення, далі поливають помірно без застою води. Для щільної декоративної куртини висаджують на сонці або в легкій півтіні. Рослина може розростатися кореневищами; якщо потрібна компактна пляма, край куртини періодично підрізають або обмежують. Застосування в саду: природні квітники, ароматичні бордюри, ділянки для запилювачів, дощові або помірно вологі садові композиції.",source_backed_species_draft,Plants of the World Online / Kew; NC State Extension Gardener Plant Toolbox; Missouri Botanical Garden; Lady Bird Johnson Wildflower Center,https://powo.science.kew.org/taxon/urn:lsid:ipni.org:names:214748-2; https://plants.ces.ncsu.edu/plants/pycnanthemum-muticum/; https://www.missouribotanicalgarden.org/PlantFinder/PlantFinderDetails.aspx?n=1&taxonid=293531; https://www.wildflower.org/plants/result.php?id_plant=PYMU,high,Latin field shortened by operator decision to Pycnanthemum muticum; POWO records the accepted species with author citation Pycnanthemum muticum (Michx.) Pers. Description rebuilt from alternative horticultural and native-plant references on 2026-07-04.,М'ята гірська - саджанці Flora & Aroma,М'ята гірська (Pycnanthemum muticum). Від 30 UAH/шт. Варіанти: CASSETTE-HIKO-V120SS — 30 UAH/шт.; Горщик P9 — 55 UAH/шт. Наявність уточнюємо при замовленні.,/images/plants/local/plant-0037-local-gallery-02.png; /images/plants/local/plant-0037-local-gallery-03.jpg; /images/plants/local/plant-0037-local-gallery-04.png; /images/plants/local/plant-0037-local-gallery-05.jpg; /images/plants/local/plant-0037-card-01.jpg,full_sun;part_sun,medium,60,120,07;08;09,white;pale_lavender,USDA 4-8,aromatic;pollinator;rain_garden;border,45-60,aromatic_garden;pollinator_plants;low_maintenance;border_plants,CASSETTE-HIKO-V120SS;Горщик P9,30;55,шт.;шт.,CASSETTE-HIKO-V120SS — 30 UAH/шт.;Горщик P9 — 55 UAH/шт.,product_variants_pricehistory,VAR-PLANT-0037-V120;VAR-PLANT-0037-P9,CASSETTE-HIKO-V120SS;POT-P9,V-120;P9
PLANT-0044,Майоран садовий,Origanum majorana,Пряні рослини,CASSETTE-HIKO-V120SS,30,шт.,ready_for_sale,"Пряно-ароматична трав’яниста культура з дрібним листям і ніжним ароматом. Підходить для контейнерів, пряних грядок і сонячних теплих місць. У Києві вирощується як однорічна культура і не зимує у відкритому ґрунті.","Пряно-ароматична трав’яниста культура з дрібним листям і ніжним ароматом. Підходить для контейнерів, пряних грядок і сонячних теплих місць. Майоран садовий (Origanum majorana) описується як ароматична або пряна культура для сонячних, добре провітрюваних посадок. Для стабільного росту важливі водопроникний грунт, помірна волога без застою води і достатнє освітлення для щільного росту та виразного аромату. Зимостійкість та витривалість потрібно співвідносити з місцевим мікрокліматом, дренажем і ризиком зимового перезволоження. У Києві вирощується як однорічна культура і не зимує у відкритому ґрунті.","Після висадки підтримують рівномірну вологість до вкорінення, далі полив роблять помірним. Посадку не загущують, старі або відцвілі пагони прибирають, а підживлення дають стримано, щоб не отримати пухкий водянистий приріст.","Застосування в саду: ароматичні бордюри, пряні грядки, квітники для запилювачів, контейнерні посадки.","Пряно-ароматична трав’яниста культура з дрібним листям і ніжним ароматом. Підходить для контейнерів, пряних грядок і сонячних теплих місць. Майоран садовий (Origanum majorana) описується як ароматична або пряна культура для сонячних, добре провітрюваних посадок. Для стабільного росту важливі водопроникний грунт, помірна волога без застою води і достатнє освітлення для щільного росту та виразного аромату. Зимостійкість та витривалість потрібно співвідносити з місцевим мікрокліматом, дренажем і ризиком зимового перезволоження. У Києві вирощується як однорічна культура і не зимує у відкритому ґрунті. Після висадки підтримують рівномірну вологість до вкорінення, далі полив роблять помірним. Посадку не загущують, старі або відцвілі пагони прибирають, а підживлення дають стримано, щоб не отримати пухкий водянистий приріст. Застосування в саду: ароматичні бордюри, пряні грядки, квітники для запилювачів, контейнерні посадки.",source_backed_species_draft,Plants of the World Online / Kew; Royal Horticultural Society; NC State Extension Gardener Plant Toolbox; Missouri Botanical Garden,https://powo.science.kew.org/results?q=Origanum%20majorana; https://www.rhs.org.uk/plants/search-form?query=Origanum%20majorana; https://plants.ces.ncsu.edu/find_a_plant/?q=Origanum%20majorana; https://www.missouribotanicalgarden.org/PlantFinder/PlantFinderSearch.aspx?search=Origanum%20majorana,medium,Short description prepared from conservative reference traits and operator-confirmed label/taxonomy. Verify cultivar-specific claims before printing polished catalog.,Майоран садовий - саджанці Flora & Aroma,Майоран садовий (Origanum majorana). Від 30 UAH/шт. Варіанти: CASSETTE-HIKO-V120SS — 30 UAH/шт.; Горщик P9 — 55 UAH/шт. Наявність уточнюємо при замовленні.,/images/plants/plant-0044-local-review.jpg; /images/plants/local/plant-0044-local-gallery-01.jpg; /images/plants/local/plant-0044-local-01.jpg; /images/plants/local/plant-0044-local-02.jpg,full_sun,dry;medium,30,60,07;08;09,white;pink,tender perennial / annual,culinary;aromatic;container,25-30,aromatic_garden,CASSETTE-HIKO-V120SS;Горщик P9,30;55,шт.;шт.,CASSETTE-HIKO-V120SS — 30 UAH/шт.;Горщик P9 — 55 UAH/шт.,product_variants_pricehistory,VAR-PLANT-0044-V120;VAR-PLANT-0044-P9,CASSETTE-HIKO-V120SS;POT-P9,V-120;P9
PLANT-0057,Мак східний червоний,Papaver orientale,Декоративні багаторічники,CASSETTE-HIKO-V120SS,30,шт.,ready_for_sale,"Декоративний багаторічний мак із великими червоними квітками для сонячних квітників, натуралістичних посадок і яскравих сезонних акцентів. Після цвітіння надземна частина може втрачати декоративність, тому його краще поєднувати з пізнішими багаторічниками. Зимостійка в умовах Києва, рівень високий.","Papaver orientale найкраще росте на відкритому сонці, у легкому або середньому добре дренованому грунті без застою води. Рослина формує прикореневу розетку і виразні квітконоси, після весняно-літнього цвітіння може переходити у період спокою, тому в композиціях потребує сусідів, які закривають порожнє місце пізніше в сезоні. Зимостійка в умовах Києва, рівень високий.","Висаджують без заглиблення кореневої шийки, після посадки підтримують помірну вологість до вкорінення. Надалі культура не любить перезволоження і важкі замоклі грунти. Для охайного вигляду після цвітіння прибирають відцвілі квітконоси, а пересадки дорослих рослин краще уникати без потреби.","Застосування в саду: весняно-літній акцент у квітниках, природних посадках, міксбордерах і сонячних декоративних групах. Добре працює як помітна багаторічна культура для садів, де потрібне виразне цвітіння.","Papaver orientale найкраще росте на відкритому сонці, у легкому або середньому добре дренованому грунті без застою води. Рослина формує прикореневу розетку і виразні квітконоси, після весняно-літнього цвітіння може переходити у період спокою, тому в композиціях потребує сусідів, які закривають порожнє місце пізніше в сезоні. Зимостійка в умовах Києва, рівень високий. Висаджують без заглиблення кореневої шийки, після посадки підтримують помірну вологість до вкорінення. Надалі культура не любить перезволоження і важкі замоклі грунти. Для охайного вигляду після цвітіння прибирають відцвілі квітконоси, а пересадки дорослих рослин краще уникати без потреби. Застосування в саду: весняно-літній акцент у квітниках, природних посадках, міксбордерах і сонячних декоративних групах. Добре працює як помітна багаторічна культура для садів, де потрібне виразне цвітіння.",source_backed_operator_approved,Plants of the World Online / Kew; Royal Horticultural Society; NC State Extension Gardener Plant Toolbox; Missouri Botanical Garden,https://powo.science.kew.org/results?q=Papaver%20orientale; https://www.rhs.org.uk/plants/search-form?query=Papaver%20orientale; https://plants.ces.ncsu.edu/find_a_plant/?q=Papaver%20orientale; https://www.missouribotanicalgarden.org/PlantFinder/PlantFinderSearch.aspx?search=Papaver%20orientale,high,Short description prepared from conservative reference traits and operator-confirmed label/taxonomy. Verify cultivar-specific claims before printing polished catalog. Gate 1 operator approved description and primary card 2026-07-01.,Мак східний червоний - саджанці Flora & Aroma,Мак східний червоний (Papaver orientale). Від 30 UAH/шт. Варіанти: CASSETTE-HIKO-V120SS — 30 UAH/шт.; Горщик P9 — 55 UAH/шт.; Горщик P11 — 65 UAH/шт. Наявність уточнюємо при замовленні.,/images/plants/local/plant-0057-local-gallery-01.jpg; /images/plants/local/plant-0057-local-format-01.jpg; /images/plants/local/plant-0057-local-gallery-02.jpg; /images/plants/local/plant-0057-local-01.jpg; /images/plants/local/plant-0057-card-01.png,full_sun,dry;medium,45,90,05;06,red,USDA 3-7,ornamental;border;naturalistic,40-60,sunny_site;low_maintenance;border_plants,CASSETTE-HIKO-V120SS;Горщик P9;Горщик P11,30;55;65,шт.;шт.;шт.,CASSETTE-HIKO-V120SS — 30 UAH/шт.;Горщик P9 — 55 UAH/шт.;Горщик P11 — 65 UAH/шт.,product_variants_pricehistory,VAR-PLANT-0057-V120;VAR-PLANT-0057-P9;VAR-PLANT-0057-P11,CASSETTE-HIKO-V120SS;POT-P9;POT-P11,V-120;P9;P11
PLANT-0081,М’ята перцева,Mentha × piperita,Ароматичні рослини,CASSETTE-HIKO-V120SS,30,шт.,ready_for_sale,"Ароматична м’ята з виразним ментоловим запахом. Підходить для контейнерів і пряно-ароматичних грядок; у відкритому ґрунті може активно розростатися. Зимостійка в умовах Києва, рівень достатній.","Ароматична м’ята з виразним ментоловим запахом. Підходить для контейнерів і пряно-ароматичних грядок; у відкритому ґрунті може активно розростатися. М’ята перцева (Mentha × piperita) описується як ароматична або пряна культура для сонячних, добре провітрюваних посадок. Для стабільного росту важливі водопроникний грунт, помірна волога без застою води і достатнє освітлення для щільного росту та виразного аромату. Зимостійкість та витривалість потрібно співвідносити з місцевим мікрокліматом, дренажем і ризиком зимового перезволоження. Зимостійка в умовах Києва, рівень достатній.","Після висадки підтримують рівномірну вологість до вкорінення, далі полив роблять помірним. Посадку не загущують, старі або відцвілі пагони прибирають, а підживлення дають стримано, щоб не отримати пухкий водянистий приріст.","Застосування в саду: ароматичні бордюри, пряні грядки, квітники для запилювачів, контейнерні посадки.","Ароматична м’ята з виразним ментоловим запахом. Підходить для контейнерів і пряно-ароматичних грядок; у відкритому ґрунті може активно розростатися. М’ята перцева (Mentha × piperita) описується як ароматична або пряна культура для сонячних, добре провітрюваних посадок. Для стабільного росту важливі водопроникний грунт, помірна волога без застою води і достатнє освітлення для щільного росту та виразного аромату. Зимостійкість та витривалість потрібно співвідносити з місцевим мікрокліматом, дренажем і ризиком зимового перезволоження. Зимостійка в умовах Києва, рівень достатній. Після висадки підтримують рівномірну вологість до вкорінення, далі полив роблять помірним. Посадку не загущують, старі або відцвілі пагони прибирають, а підживлення дають стримано, щоб не отримати пухкий водянистий приріст. Застосування в саду: ароматичні бордюри, пряні грядки, квітники для запилювачів, контейнерні посадки.",source_backed_species_draft,Plants of the World Online / Kew; Royal Horticultural Society; NC State Extension Gardener Plant Toolbox; Missouri Botanical Garden,https://powo.science.kew.org/results?q=Mentha%20%C3%97%20piperita; https://www.rhs.org.uk/plants/search-form?query=Mentha%20%C3%97%20piperita; https://plants.ces.ncsu.edu/find_a_plant/?q=Mentha%20%C3%97%20piperita; https://www.missouribotanicalgarden.org/PlantFinder/PlantFinderSearch.aspx?search=Mentha%20%C3%97%20piperita,medium,Short description prepared from conservative reference traits and operator-confirmed label/taxonomy. Verify cultivar-specific claims before printing polished catalog.,М’ята перцева - саджанці Flora & Aroma,М’ята перцева (Mentha × piperita). Від 30 UAH/шт. Варіанти: CASSETTE-HIKO-V120SS — 30 UAH/шт.; Горщик P9 — 55 UAH/шт. Наявність уточнюємо при замовленні.,/images/plants/local/plant-0081-local-gallery-02.png; /images/plants/local/plant-0081-local-01.jpg; /images/plants/local/plant-0081-local-gallery-04.jpg; /images/plants/local/plant-0081-local-gallery-03.png; /images/plants/plant-0081-commons.jpg; /images/plants/local/plant-0081-card-01.png,full_sun;part_sun,medium;moist,30,90,07;08,lilac,USDA 5-9,culinary;aromatic;moist_site,45-60,aromatic_garden,CASSETTE-HIKO-V120SS;Горщик P9,30;55,шт.;шт.,CASSETTE-HIKO-V120SS — 30 UAH/шт.;Горщик P9 — 55 UAH/шт.,product_variants_pricehistory,VAR-PLANT-0081-V120;VAR-PLANT-0081-P9,CASSETTE-HIKO-V120SS;POT-P9,V-120;P9
PLANT-0016,Нив'яник найбільший,Leucanthemum maximum (Ramond) DC.,Декоративні багаторічники,CASSETTE-HIKO-V120SS,30,шт.,ready_for_sale,"Багаторічна ромашкоподібна рослина з великими білими квітками і жовтим центром. Добра для сонячних квітників, групових посадок і зрізу. Зимостійка в умовах Києва, рівень достатній.","Багаторічна ромашкоподібна рослина з великими білими квітками і жовтим центром. Добра для сонячних квітників, групових посадок і зрізу. Нив'яник найбільший (Leucanthemum maximum (Ramond) DC.) підходить для змішаних квітників, бордюрів і природних садових композицій. Для стабільного росту важливі відповідне освітлення, водопроникний грунт і відсутність тривалого застою води. Зимостійкість та витривалість потрібно співвідносити з місцевим мікрокліматом, дренажем і ризиком зимового перезволоження. Зимостійка в умовах Києва, рівень достатній.","Після висадки підтримують вкорінення помірним поливом, не загущують рослини і стежать за чистотою посадки. Санітарне прибирання, легке мульчування і помірне живлення допомагають зберігати декоративність протягом сезону.","Застосування в саду: квітники, бордюри, міксбордери, природні посадки і садові та ландшафтні посадки. Рослину варто підбирати за умовами ділянки та роллю в композиції.","Багаторічна ромашкоподібна рослина з великими білими квітками і жовтим центром. Добра для сонячних квітників, групових посадок і зрізу. Нив'яник найбільший (Leucanthemum maximum (Ramond) DC.) підходить для змішаних квітників, бордюрів і природних садових композицій. Для стабільного росту важливі відповідне освітлення, водопроникний грунт і відсутність тривалого застою води. Зимостійкість та витривалість потрібно співвідносити з місцевим мікрокліматом, дренажем і ризиком зимового перезволоження. Зимостійка в умовах Києва, рівень достатній. Після висадки підтримують вкорінення помірним поливом, не загущують рослини і стежать за чистотою посадки. Санітарне прибирання, легке мульчування і помірне живлення допомагають зберігати декоративність протягом сезону. Застосування в саду: квітники, бордюри, міксбордери, природні посадки і садові та ландшафтні посадки. Рослину варто підбирати за умовами ділянки та роллю в композиції.",source_backed_species_draft,Plants of the World Online / Kew; Royal Horticultural Society; NC State Extension Gardener Plant Toolbox; Missouri Botanical Garden,https://powo.science.kew.org/results?q=Leucanthemum%20maximum%20%28Ramond%29%20DC.; https://www.rhs.org.uk/plants/search-form?query=Leucanthemum%20maximum%20%28Ramond%29%20DC.; https://plants.ces.ncsu.edu/find_a_plant/?q=Leucanthemum%20maximum%20%28Ramond%29%20DC.; https://www.missouribotanicalgarden.org/PlantFinder/PlantFinderSearch.aspx?search=Leucanthemum%20maximum%20%28Ramond%29%20DC.,medium,Short description prepared from conservative reference traits and operator-confirmed label/taxonomy. Verify cultivar-specific claims before printing polished catalog.,Нив'яник найбільший - саджанці Flora & Aroma,Нив'яник найбільший (Leucanthemum maximum (Ramond) DC.). Варіант: CASSETTE-HIKO-V120SS — 30 UAH/шт. Наявність уточнюємо при замовленні.,/images/plants/plant-0016.webp; /images/plants/local/plant-0016-format-01.jpg; /images/plants/local/plant-0016-local-01.jpg; /images/plants/local/plant-0016-card-01.png,full_sun,medium,60,90,06;07;08,white,USDA 5-9,border;cut_flower;pollinator,30-45,border_plants;pollinator_plants,CASSETTE-HIKO-V120SS,30,шт.,CASSETTE-HIKO-V120SS — 30 UAH/шт.,product_variants_pricehistory,VAR-PLANT-0016-V120,CASSETTE-HIKO-V120SS,V-120
PLANT-0077,Орегано звичайне,Origanum vulgare,Пряні рослини,CASSETTE-HIKO-V120SS,30,шт.,ready_for_sale,"Ароматична багаторічна пряна рослина з дрібним листям і рожево-ліловими квітками. Добра для пряних грядок, сухих сонячних бордюрів і посадок для запилювачів. Зимостійка в умовах Києва, рівень високий.","Ароматична багаторічна пряна рослина з дрібним листям і рожево-ліловими квітками. Добра для пряних грядок, сухих сонячних бордюрів і посадок для запилювачів. Орегано звичайне (Origanum vulgare) описується як ароматична або пряна культура для сонячних, добре провітрюваних посадок. Для стабільного росту важливі водопроникний грунт, помірна волога без застою води і достатнє освітлення для щільного росту та виразного аромату. Зимостійкість та витривалість потрібно співвідносити з місцевим мікрокліматом, дренажем і ризиком зимового перезволоження. Зимостійка в умовах Києва, рівень високий.","Після висадки підтримують рівномірну вологість до вкорінення, далі полив роблять помірним. Посадку не загущують, старі або відцвілі пагони прибирають, а підживлення дають стримано, щоб не отримати пухкий водянистий приріст.","Застосування в саду: ароматичні бордюри, пряні грядки, квітники для запилювачів, контейнерні посадки.","Ароматична багаторічна пряна рослина з дрібним листям і рожево-ліловими квітками. Добра для пряних грядок, сухих сонячних бордюрів і посадок для запилювачів. Орегано звичайне (Origanum vulgare) описується як ароматична або пряна культура для сонячних, добре провітрюваних посадок. Для стабільного росту важливі водопроникний грунт, помірна волога без застою води і достатнє освітлення для щільного росту та виразного аромату. Зимостійкість та витривалість потрібно співвідносити з місцевим мікрокліматом, дренажем і ризиком зимового перезволоження. Зимостійка в умовах Києва, рівень високий. Після висадки підтримують рівномірну вологість до вкорінення, далі полив роблять помірним. Посадку не загущують, старі або відцвілі пагони прибирають, а підживлення дають стримано, щоб не отримати пухкий водянистий приріст. Застосування в саду: ароматичні бордюри, пряні грядки, квітники для запилювачів, контейнерні посадки.",source_backed_species_draft,Plants of the World Online / Kew; Royal Horticultural Society; NC State Extension Gardener Plant Toolbox; Missouri Botanical Garden,https://powo.science.kew.org/results?q=Origanum%20vulgare; https://www.rhs.org.uk/plants/search-form?query=Origanum%20vulgare; https://plants.ces.ncsu.edu/find_a_plant/?q=Origanum%20vulgare; https://www.missouribotanicalgarden.org/PlantFinder/PlantFinderSearch.aspx?search=Origanum%20vulgare,medium,Short description prepared from conservative reference traits and operator-confirmed label/taxonomy. Verify cultivar-specific claims before printing polished catalog.,Орегано звичайне - саджанці Flora & Aroma,Орегано звичайне (Origanum vulgare). Від 30 UAH/шт. Варіанти: CASSETTE-HIKO-V120SS — 30 UAH/шт.; Горщик P9 — 55 UAH/шт. Наявність уточнюємо при замовленні.,/images/plants/plant-0077.jpg; /images/plants/local/plant-0077-format-02.jpg; /images/plants/local/plant-0077-local-03.jpg; /images/plants/local/plant-0077-local-04.jpg; /images/plants/local/plant-0077-card-01.png,full_sun,dry;medium,30,60,07;08;09;10,pink;purple;white,USDA 4-9,culinary;aromatic;pollinator;groundcover,30-45,aromatic_garden;pollinator_plants;drought_tolerant;low_maintenance,CASSETTE-HIKO-V120SS;Горщик P9,30;55,шт.;шт.,CASSETTE-HIKO-V120SS — 30 UAH/шт.;Горщик P9 — 55 UAH/шт.,product_variants_pricehistory,VAR-PLANT-0077-V120;VAR-PLANT-0077-P9,CASSETTE-HIKO-V120SS;POT-P9,V-120;P9
PLANT-0003,Пенісетум лисохвостий,Pennisetum alopecuroides,Рослини для саду,CASSETTE-HIKO-V120SS,30,шт.,ready_for_sale,"Декоративний злак із дугоподібним листям і м’якими лисохвостими суцвіттями. Добрий для бордюрів, масивів і осінніх композицій на сонячних ділянках. Зимостійка в умовах Києва, рівень достатній.","Декоративний злак із дугоподібним листям і м’якими лисохвостими суцвіттями. Добрий для бордюрів, масивів і осінніх композицій на сонячних ділянках. Пенісетум лисохвостий (Pennisetum alopecuroides) працює як структурна рослина для сонячних або добре освітлених композицій. Для стабільної декоративності потрібні дренований грунт, помірна родючість і відсутність застою води біля кореневої шийки. Зимостійкість та витривалість потрібно співвідносити з місцевим мікрокліматом, дренажем і ризиком зимового перезволоження. Зимостійка в умовах Києва, рівень достатній.","Після посадки важливо дати рослині рівномірно вкоренитися, не переливати і не загущувати куртини. Старе листя прибирають після втрати декоративності або навесні, щоб новий приріст був чистим.","Застосування в саду: бордюри, масиви, природні сади, міксбордери, фактурні акценти біля доріжок і контейнерні композиції. Цінна як рослина для структури, руху і сезонного обєму.","Декоративний злак із дугоподібним листям і м’якими лисохвостими суцвіттями. Добрий для бордюрів, масивів і осінніх композицій на сонячних ділянках. Пенісетум лисохвостий (Pennisetum alopecuroides) працює як структурна рослина для сонячних або добре освітлених композицій. Для стабільної декоративності потрібні дренований грунт, помірна родючість і відсутність застою води біля кореневої шийки. Зимостійкість та витривалість потрібно співвідносити з місцевим мікрокліматом, дренажем і ризиком зимового перезволоження. Зимостійка в умовах Києва, рівень достатній. Після посадки важливо дати рослині рівномірно вкоренитися, не переливати і не загущувати куртини. Старе листя прибирають після втрати декоративності або навесні, щоб новий приріст був чистим. Застосування в саду: бордюри, масиви, природні сади, міксбордери, фактурні акценти біля доріжок і контейнерні композиції. Цінна як рослина для структури, руху і сезонного обєму.",source_backed_species_draft,Plants of the World Online / Kew; Royal Horticultural Society; NC State Extension Gardener Plant Toolbox; Missouri Botanical Garden,https://powo.science.kew.org/results?q=Pennisetum%20alopecuroides; https://www.rhs.org.uk/plants/search-form?query=Pennisetum%20alopecuroides; https://plants.ces.ncsu.edu/find_a_plant/?q=Pennisetum%20alopecuroides; https://www.missouribotanicalgarden.org/PlantFinder/PlantFinderSearch.aspx?search=Pennisetum%20alopecuroides,medium,Short description prepared from conservative reference traits and operator-confirmed label/taxonomy. Verify cultivar-specific claims before printing polished catalog.,Пенісетум лисохвостий - саджанці Flora & Aroma,Пенісетум лисохвостий (Pennisetum alopecuroides). Від 30 UAH/шт. Варіанти: CASSETTE-HIKO-V120SS — 30 UAH/шт.; Горщик P13 — 85 UAH/шт. Наявність уточнюємо при замовленні.,/images/plants/local/plant-0003-local-03.jpg; /images/plants/local/plant-0003-format-01.jpg; /images/plants/plant-0003.jpg; /images/plants/local/plant-0003-card-01.jpg,full_sun,dry;medium,60,100,08;09;10,tan;cream,USDA 5-9,ornamental_grass;border;mass_planting,60-90,drought_tolerant;border_plants;low_maintenance,CASSETTE-HIKO-V120SS;Горщик P13,30;85,шт.;шт.,CASSETTE-HIKO-V120SS — 30 UAH/шт.;Горщик P13 — 85 UAH/шт.,product_variants_pricehistory,VAR-PLANT-0003-V120;VAR-PLANT-0003-P13,CASSETTE-HIKO-V120SS;POT-P13,V-120;P13
PLANT-0024,Пижмо звичайне,Tanacetum vulgare L.,Лікарські рослини,CASSETTE-HIKO-V120SS,30,шт.,ready_for_sale,"Сильноросла багаторічна рослина з жовтими щиткоподібними кошиками та ароматичним листям. Для декоративного використання потребує контролю розростанняЗимостійка в умовах Києва, рівень високий.","Сильноросла багаторічна рослина з жовтими щиткоподібними кошиками та ароматичним листям. Пижмо звичайне добре підходить для сонячних природних посадок, ароматичних ділянок і квітників для запилювачів. Рослина витривала, але може активно розростатися, тому в малих композиціях її варто контролювати. Зимостійка в умовах Києва, рівень високий.","Після висадки підтримують помірну вологість до вкорінення, далі поливають стримано без застою води. Для охайної куртини прибирають старі пагони і за потреби обмежують розростання.","Застосування в саду: природні квітники, сонячні ароматичні посадки, ділянки для запилювачів і невибагливі ландшафтні композиції.","Сильноросла багаторічна рослина з жовтими щиткоподібними кошиками та ароматичним листям. Пижмо звичайне добре підходить для сонячних природних посадок, ароматичних ділянок і квітників для запилювачів. Рослина витривала, але може активно розростатися, тому в малих композиціях її варто контролювати. Зимостійка в умовах Києва, рівень високий. Після висадки підтримують помірну вологість до вкорінення, далі поливають стримано без застою води. Для охайної куртини прибирають старі пагони і за потреби обмежують розростання. Застосування в саду: природні квітники, сонячні ароматичні посадки, ділянки для запилювачів і невибагливі ландшафтні композиції.",source_backed_species_draft,Plants of the World Online / Kew; Royal Horticultural Society; NC State Extension Gardener Plant Toolbox; Missouri Botanical Garden,https://powo.science.kew.org/results?q=Tanacetum%20vulgare%20L.; https://www.rhs.org.uk/plants/search-form?query=Tanacetum%20vulgare%20L.; https://plants.ces.ncsu.edu/find_a_plant/?q=Tanacetum%20vulgare%20L.; https://www.missouribotanicalgarden.org/PlantFinder/PlantFinderSearch.aspx?search=Tanacetum%20vulgare%20L.,medium,Short description prepared from conservative reference traits and operator-confirmed label/taxonomy. Verify cultivar-specific claims before printing polished catalog.,Пижмо звичайне - саджанці Flora & Aroma,Пижмо звичайне (Tanacetum vulgare L.). Від 30 UAH/шт. Варіанти: CASSETTE-HIKO-V120SS — 30 UAH/шт.; Горщик P11 — 65 UAH/шт. Наявність уточнюємо при замовленні.,/images/plants/plant-0024.jpg; /images/plants/local/plant-0024-format-01.jpg; /images/plants/local/plant-0024-local-01.jpg; /images/plants/local/plant-0024-local-02.jpg; /images/plants/local/plant-0024-card-01.png,full_sun;part_sun,dry;medium,60,120,07;08;09,yellow,USDA 3-8,medicinal;naturalistic;pollinator,45-60,drought_tolerant;pollinator_plants;low_maintenance,CASSETTE-HIKO-V120SS;Горщик P11,30;65,шт.;шт.,CASSETTE-HIKO-V120SS — 30 UAH/шт.;Горщик P11 — 65 UAH/шт.,product_variants_pricehistory,VAR-PLANT-0024-V120;VAR-PLANT-0024-P11,CASSETTE-HIKO-V120SS;POT-P11,V-120;P11
PLANT-0067,Полин гіркий,Artemisia absinthium,Лікарські рослини,CASSETTE-HIKO-V120SS,30,шт.,ready_for_sale,"Ароматична багаторічна рослина з сріблясто-сірим листям і характерним гірким ароматом. Підходить для сухих сонячних ділянок, ароматичних посадок і натуралістичних квітників. Зимостійка в умовах Києва, рівень високий.","Artemisia absinthium добре переносить сонячні, сухіші та добре дреновані місця. Сіре опушене листя допомагає рослині витримувати спеку і короткочасну нестачу вологи, а на надто родючих або перезволожених ґрунтах кущ може втрачати щільність. Зимостійка в умовах Києва, рівень високий.","Після висаджування полив потрібен до вкорінення, надалі культура краще реагує на помірно сухий режим, ніж на постійну вологу. Для охайності куща доречне легке формування та санітарне прибирання старих пагонів. Надмірне азотне живлення не бажане.","Застосування в саду: ароматичні й лікарські колекції, сріблястий акцент у сухих квітниках, натуралістичні композиції та посадки для сонячних місць.","Artemisia absinthium добре переносить сонячні, сухіші та добре дреновані місця. Сіре опушене листя допомагає рослині витримувати спеку і короткочасну нестачу вологи, а на надто родючих або перезволожених ґрунтах кущ може втрачати щільність. Зимостійка в умовах Києва, рівень високий. Після висаджування полив потрібен до вкорінення, надалі культура краще реагує на помірно сухий режим, ніж на постійну вологу. Для охайності куща доречне легке формування та санітарне прибирання старих пагонів. Надмірне азотне живлення не бажане. Застосування в саду: ароматичні й лікарські колекції, сріблястий акцент у сухих квітниках, натуралістичні композиції та посадки для сонячних місць.",source_backed_operator_approved,Plants of the World Online / Kew; Royal Horticultural Society; NC State Extension Gardener Plant Toolbox; Missouri Botanical Garden,https://powo.science.kew.org/results?q=Artemisia%20absinthium; https://www.rhs.org.uk/plants/search-form?query=Artemisia%20absinthium; https://plants.ces.ncsu.edu/find_a_plant/?q=Artemisia%20absinthium; https://www.missouribotanicalgarden.org/PlantFinder/PlantFinderSearch.aspx?search=Artemisia%20absinthium,high,Short description prepared from conservative reference traits and operator-confirmed label/taxonomy. Verify cultivar-specific claims before printing polished catalog.,Полин гіркий - саджанці Flora & Aroma,Полин гіркий (Artemisia absinthium). Варіант: CASSETTE-HIKO-V120SS — 30 UAH/шт. Наявність уточнюємо при замовленні.,/images/plants/local/plant-0067-local-01.jpg; /images/plants/local/plant-0067-local-format-01.jpg; /images/plants/local/plant-0067-local-02.jpg; /images/plants/local/plant-0067-card-01.png,full_sun,dry;medium,60,100,07;08;09,yellow,USDA 4-9,medicinal;aromatic;dry_site;naturalistic,45-60,aromatic_garden;drought_tolerant;low_maintenance,CASSETTE-HIKO-V120SS,30,шт.,CASSETTE-HIKO-V120SS — 30 UAH/шт.,product_variants_pricehistory,VAR-PLANT-0067-V120,CASSETTE-HIKO-V120SS,V-120
PLANT-0039,Піщанка гірська 'Snowbank',Arenaria montana,Декоративні багаторічники,CASSETTE-HIKO-V120SS,30,шт.,ready_for_sale,"Низька подушкоподібна багаторічна рослина з білими весняними квітками. Добре підходить для кам’янистих садів, бордюрів і сухих сонячних ділянок. Зимостійка в умовах Києва, рівень високий.","Низька подушкоподібна багаторічна рослина з білими весняними квітками. Добре підходить для кам’янистих садів, бордюрів і сухих сонячних ділянок. Піщанка гірська 'Snowbank' (Arenaria montana) підходить для змішаних квітників, бордюрів і природних садових композицій. Для стабільного росту важливі відповідне освітлення, водопроникний грунт і відсутність тривалого застою води. Зимостійкість та витривалість потрібно співвідносити з місцевим мікрокліматом, дренажем і ризиком зимового перезволоження. Зимостійка в умовах Києва, рівень високий.","Після висадки підтримують вкорінення помірним поливом, не загущують рослини і стежать за чистотою посадки. Санітарне прибирання, легке мульчування і помірне живлення допомагають зберігати декоративність протягом сезону.","Застосування в саду: квітники, бордюри, міксбордери, природні посадки і садові та ландшафтні посадки. Рослину варто підбирати за умовами ділянки та роллю в композиції.","Низька подушкоподібна багаторічна рослина з білими весняними квітками. Добре підходить для кам’янистих садів, бордюрів і сухих сонячних ділянок. Піщанка гірська 'Snowbank' (Arenaria montana) підходить для змішаних квітників, бордюрів і природних садових композицій. Для стабільного росту важливі відповідне освітлення, водопроникний грунт і відсутність тривалого застою води. Зимостійкість та витривалість потрібно співвідносити з місцевим мікрокліматом, дренажем і ризиком зимового перезволоження. Зимостійка в умовах Києва, рівень високий. Після висадки підтримують вкорінення помірним поливом, не загущують рослини і стежать за чистотою посадки. Санітарне прибирання, легке мульчування і помірне живлення допомагають зберігати декоративність протягом сезону. Застосування в саду: квітники, бордюри, міксбордери, природні посадки і садові та ландшафтні посадки. Рослину варто підбирати за умовами ділянки та роллю в композиції.",source_backed_species_draft,Plants of the World Online / Kew; Royal Horticultural Society; NC State Extension Gardener Plant Toolbox; Missouri Botanical Garden,https://powo.science.kew.org/results?q=Arenaria%20montana; https://www.rhs.org.uk/plants/search-form?query=Arenaria%20montana; https://plants.ces.ncsu.edu/find_a_plant/?q=Arenaria%20montana; https://www.missouribotanicalgarden.org/PlantFinder/PlantFinderSearch.aspx?search=Arenaria%20montana,medium,Short description prepared from conservative reference traits and operator-confirmed label/taxonomy. Verify cultivar-specific claims before printing polished catalog.,Піщанка гірська 'Snowbank' - саджанці Flora & Aroma,Піщанка гірська 'Snowbank' (Arenaria montana). Від 30 UAH/шт. Варіанти: CASSETTE-HIKO-V120SS — 30 UAH/шт.; Горщик P9 — 55 UAH/шт. Наявність уточнюємо при замовленні.,/images/plants/plant-0039-local-review.png; /images/plants/local/plant-0039-format-01.jpg; /images/plants/local/plant-0039-local-01.jpg; /images/plants/local/plant-0039-local-02.jpg; /images/plants/local/plant-0039-local-04.jpg; /images/plants/local/plant-0039-card-01.png,full_sun;part_sun,dry;medium,10,15,05;06,white,USDA 4-8,groundcover;rock_garden;border,25-30,drought_tolerant;border_plants;low_maintenance,CASSETTE-HIKO-V120SS;Горщик P9,30;55,шт.;шт.,CASSETTE-HIKO-V120SS — 30 UAH/шт.;Горщик P9 — 55 UAH/шт.,product_variants_pricehistory,VAR-PLANT-0039-V120;VAR-PLANT-0039-P9,CASSETTE-HIKO-V120SS;POT-P9,V-120;P9
PLANT-0066,Розмарин лікарський,Salvia rosmarinus,Ароматичні рослини,CASSETTE-HIKO-V120SS,30,шт.,ready_for_sale,"Вічнозелений ароматичний напівкущ із вузьким листям і запахом розмарину. Використовується як пряна, декоративна і контейнерна культура; потребує сонця та дренажу. Не зимостійка у відкритому ґрунті в умовах Києва; потрібна захищена зимівля.","Вічнозелений ароматичний напівкущ із вузьким листям і запахом розмарину. Використовується як пряна, декоративна і контейнерна культура; потребує сонця та дренажу. Розмарин лікарський (Salvia rosmarinus) описується як ароматична або пряна культура для сонячних, добре провітрюваних посадок. Для стабільного росту важливі водопроникний грунт, помірна волога без застою води і достатнє освітлення для щільного росту та виразного аромату. Зимостійкість та витривалість потрібно співвідносити з місцевим мікрокліматом, дренажем і ризиком зимового перезволоження. Не зимостійка у відкритому ґрунті в умовах Києва; потрібна захищена зимівля.","Після висадки підтримують рівномірну вологість до вкорінення, далі полив роблять помірним. Посадку не загущують, старі або відцвілі пагони прибирають, а підживлення дають стримано, щоб не отримати пухкий водянистий приріст.","Застосування в саду: ароматичні бордюри, пряні грядки, квітники для запилювачів, контейнерні посадки.","Вічнозелений ароматичний напівкущ із вузьким листям і запахом розмарину. Використовується як пряна, декоративна і контейнерна культура; потребує сонця та дренажу. Розмарин лікарський (Salvia rosmarinus) описується як ароматична або пряна культура для сонячних, добре провітрюваних посадок. Для стабільного росту важливі водопроникний грунт, помірна волога без застою води і достатнє освітлення для щільного росту та виразного аромату. Зимостійкість та витривалість потрібно співвідносити з місцевим мікрокліматом, дренажем і ризиком зимового перезволоження. Не зимостійка у відкритому ґрунті в умовах Києва; потрібна захищена зимівля. Після висадки підтримують рівномірну вологість до вкорінення, далі полив роблять помірним. Посадку не загущують, старі або відцвілі пагони прибирають, а підживлення дають стримано, щоб не отримати пухкий водянистий приріст. Застосування в саду: ароматичні бордюри, пряні грядки, квітники для запилювачів, контейнерні посадки.",source_backed_species_draft,Plants of the World Online / Kew; Royal Horticultural Society; NC State Extension Gardener Plant Toolbox; Missouri Botanical Garden,https://powo.science.kew.org/results?q=Salvia%20rosmarinus; https://www.rhs.org.uk/plants/search-form?query=Salvia%20rosmarinus; https://plants.ces.ncsu.edu/find_a_plant/?q=Salvia%20rosmarinus; https://www.missouribotanicalgarden.org/PlantFinder/PlantFinderSearch.aspx?search=Salvia%20rosmarinus,medium,Short description prepared from conservative reference traits and operator-confirmed label/taxonomy. Verify cultivar-specific claims before printing polished catalog.,Розмарин лікарський - саджанці Flora & Aroma,Розмарин лікарський (Salvia rosmarinus). Від 30 UAH/шт. Варіанти: CASSETTE-HIKO-V120SS — 30 UAH/шт.; Горщик P9 — 55 UAH/шт. Наявність уточнюємо при замовленні.,/images/plants/plant-0066.jpg; /images/plants/local/plant-0066-format-01.jpg; /images/plants/local/plant-0066-local-01.jpg; /images/plants/local/plant-0066-card-01.png,full_sun,dry,60,120,04;05;06,blue;white,USDA 8-10,culinary;aromatic;container;dry_site,45-60,aromatic_garden;drought_tolerant,CASSETTE-HIKO-V120SS;Горщик P9,30;55,шт.;шт.,CASSETTE-HIKO-V120SS — 30 UAH/шт.;Горщик P9 — 55 UAH/шт.,product_variants_pricehistory,VAR-PLANT-0066-V120;VAR-PLANT-0066-P9,CASSETTE-HIKO-V120SS;POT-P9,V-120;P9
PLANT-0074,Рута запашна,Ruta graveolens,Лікарські рослини,CASSETTE-HIKO-V120SS,30,шт.,ready_for_sale,"Ароматична багаторічна напівкущова рослина з сизуватим листям і жовтими квітками. Використовується як декоративна й ароматична культура; потребує обережного поводження. Зимостійка в умовах Києва, рівень високий.","Ароматична багаторічна напівкущова рослина з сизуватим листям і жовтими квітками. Використовується як декоративна й ароматична культура; потребує обережного поводження. Рута запашна (Ruta graveolens) описується як ароматична або пряна культура для сонячних, добре провітрюваних посадок. Для стабільного росту важливі водопроникний грунт, помірна волога без застою води і достатнє освітлення для щільного росту та виразного аромату. Зимостійкість та витривалість потрібно співвідносити з місцевим мікрокліматом, дренажем і ризиком зимового перезволоження. Зимостійка в умовах Києва, рівень високий.","Після висадки підтримують рівномірну вологість до вкорінення, далі полив роблять помірним. Посадку не загущують, старі або відцвілі пагони прибирають, а підживлення дають стримано, щоб не отримати пухкий водянистий приріст.","Застосування в саду: ароматичні бордюри, пряні грядки, квітники для запилювачів, контейнерні посадки.","Ароматична багаторічна напівкущова рослина з сизуватим листям і жовтими квітками. Використовується як декоративна й ароматична культура; потребує обережного поводження. Рута запашна (Ruta graveolens) описується як ароматична або пряна культура для сонячних, добре провітрюваних посадок. Для стабільного росту важливі водопроникний грунт, помірна волога без застою води і достатнє освітлення для щільного росту та виразного аромату. Зимостійкість та витривалість потрібно співвідносити з місцевим мікрокліматом, дренажем і ризиком зимового перезволоження. Зимостійка в умовах Києва, рівень високий. Після висадки підтримують рівномірну вологість до вкорінення, далі полив роблять помірним. Посадку не загущують, старі або відцвілі пагони прибирають, а підживлення дають стримано, щоб не отримати пухкий водянистий приріст. Застосування в саду: ароматичні бордюри, пряні грядки, квітники для запилювачів, контейнерні посадки.",source_backed_species_draft,Plants of the World Online / Kew; Royal Horticultural Society; NC State Extension Gardener Plant Toolbox; Missouri Botanical Garden,https://powo.science.kew.org/results?q=Ruta%20graveolens; https://www.rhs.org.uk/plants/search-form?query=Ruta%20graveolens; https://plants.ces.ncsu.edu/find_a_plant/?q=Ruta%20graveolens; https://www.missouribotanicalgarden.org/PlantFinder/PlantFinderSearch.aspx?search=Ruta%20graveolens,medium,Short description prepared from conservative reference traits and operator-confirmed label/taxonomy. Verify cultivar-specific claims before printing polished catalog.,Рута запашна - саджанці Flora & Aroma,Рута запашна (Ruta graveolens). Від 30 UAH/шт. Варіанти: CASSETTE-HIKO-V120SS — 30 UAH/шт.; Горщик P9 — 55 UAH/шт. Наявність уточнюємо при замовленні.,/images/plants/local/plant-0074-local-gallery-01.jpg; /images/plants/local/plant-0074-format-01.jpg; /images/plants/local/plant-0074-local-gallery-04.jpg; /images/plants/local/plant-0074-local-gallery-02.jpg; /images/plants/local/plant-0074-local-gallery-03.jpg; /images/plants/plant-0074-commons.jpg; /images/plants/local/plant-0074-card-01.png,full_sun,dry;medium,45,75,06;07,yellow,USDA 4-8,aromatic;medicinal;border,45-60,aromatic_garden;drought_tolerant;low_maintenance,CASSETTE-HIKO-V120SS;Горщик P9,30;55,шт.;шт.,CASSETTE-HIKO-V120SS — 30 UAH/шт.;Горщик P9 — 55 UAH/шт.,product_variants_pricehistory,VAR-PLANT-0074-V120;VAR-PLANT-0074-P9,CASSETTE-HIKO-V120SS;POT-P9,V-120;P9
PLANT-0049,Синюха голуба,Polemonium caeruleum L.,Декоративні багаторічники,CASSETTE-HIKO-V120SS,30,шт.,ready_for_sale,"Багаторічна рослина з перистим листям і блакитними дзвоникоподібними квітками. Підходить для квітників у помірно вологих місцях і природних композицій. Зимостійка в умовах Києва, рівень високий.","Багаторічна рослина з перистим листям і блакитними дзвоникоподібними квітками. Підходить для квітників у помірно вологих місцях і природних композицій. Синюха голуба (Polemonium caeruleum L.) підходить для змішаних квітників, бордюрів і природних садових композицій. Для стабільного росту важливі відповідне освітлення, водопроникний грунт і відсутність тривалого застою води. Зимостійкість та витривалість потрібно співвідносити з місцевим мікрокліматом, дренажем і ризиком зимового перезволоження. Зимостійка в умовах Києва, рівень високий.","Після висадки підтримують вкорінення помірним поливом, не загущують рослини і стежать за чистотою посадки. Санітарне прибирання, легке мульчування і помірне живлення допомагають зберігати декоративність протягом сезону.","Застосування в саду: квітники, бордюри, міксбордери, природні посадки і садові та ландшафтні посадки. Рослину варто підбирати за умовами ділянки та роллю в композиції.","Багаторічна рослина з перистим листям і блакитними дзвоникоподібними квітками. Підходить для квітників у помірно вологих місцях і природних композицій. Синюха голуба (Polemonium caeruleum L.) підходить для змішаних квітників, бордюрів і природних садових композицій. Для стабільного росту важливі відповідне освітлення, водопроникний грунт і відсутність тривалого застою води. Зимостійкість та витривалість потрібно співвідносити з місцевим мікрокліматом, дренажем і ризиком зимового перезволоження. Зимостійка в умовах Києва, рівень високий. Після висадки підтримують вкорінення помірним поливом, не загущують рослини і стежать за чистотою посадки. Санітарне прибирання, легке мульчування і помірне живлення допомагають зберігати декоративність протягом сезону. Застосування в саду: квітники, бордюри, міксбордери, природні посадки і садові та ландшафтні посадки. Рослину варто підбирати за умовами ділянки та роллю в композиції.",source_backed_species_draft,Plants of the World Online / Kew; Royal Horticultural Society; NC State Extension Gardener Plant Toolbox; Missouri Botanical Garden,https://powo.science.kew.org/results?q=Polemonium%20caeruleum%20L.; https://www.rhs.org.uk/plants/search-form?query=Polemonium%20caeruleum%20L.; https://plants.ces.ncsu.edu/find_a_plant/?q=Polemonium%20caeruleum%20L.; https://www.missouribotanicalgarden.org/PlantFinder/PlantFinderSearch.aspx?search=Polemonium%20caeruleum%20L.,medium,Short description prepared from conservative reference traits and operator-confirmed label/taxonomy. Verify cultivar-specific claims before printing polished catalog.,Синюха голуба - саджанці Flora & Aroma,Синюха голуба (Polemonium caeruleum L.). Від 30 UAH/шт. Варіанти: CASSETTE-HIKO-V120SS — 30 UAH/шт.; Горщик P11 — 65 UAH/шт. Наявність уточнюємо при замовленні.,/images/plants/local/plant-0049-local-01.jpg; /images/plants/plant-0049.jpg; /images/plants/local/plant-0049-local-02.jpg; /images/plants/local/plant-0049-local-03.jpg; /images/plants/local/plant-0049-card-01.jpg,part_sun;full_sun,medium;moist,45,75,05;06;07,blue,USDA 3-8,border;shade_border;pollinator,30-45,border_plants;pollinator_plants,CASSETTE-HIKO-V120SS;Горщик P11,30;65,шт.;шт.,CASSETTE-HIKO-V120SS — 30 UAH/шт.;Горщик P11 — 65 UAH/шт.,product_variants_pricehistory,VAR-PLANT-0049-V120;VAR-PLANT-0049-P11,CASSETTE-HIKO-V120SS;POT-P11,V-120;P11
PLANT-0032,Сосна звичайна,Pinus sylvestris,Хвойні рослини,CASSETTE-HIKO-V120SS,25,шт.,ready_for_sale,"Місцева довговічна сосна з хвоєю у пучках і високою посухостійкістю після вкорінення. Підходить для лісових, природних і захисних насаджень на сонячних ділянках. Зимостійка в умовах Києва, рівень високий.","Місцева довговічна сосна з хвоєю у пучках і високою посухостійкістю після вкорінення. Підходить для лісових, природних і захисних насаджень на сонячних ділянках. Сосна звичайна (Pinus sylvestris) підходить для хвойних груп і вічнозелених структурних посадок. Для хвойних особливо важливі повітропроникний грунт, стабільна волога після висадки без застою води і захист коренів від пересихання. Зимостійкість та витривалість потрібно співвідносити з місцевим мікрокліматом, дренажем і ризиком зимового перезволоження. Зимостійка в умовах Києва, рівень високий.","Висаджують із збереженою кореневою грудкою, без заглиблення кореневої шийки. У перший сезон потрібні регулярний, але не надмірний полив, мульчування і контроль сонячного та вітрового стресу.","Застосування в саду: вічнозелені акценти, хвойні групи, посадки біля входів, доріжок і відкритих газонів. Варто врахувати майбутній розмір, темп росту і вимоги до місця.","Місцева довговічна сосна з хвоєю у пучках і високою посухостійкістю після вкорінення. Підходить для лісових, природних і захисних насаджень на сонячних ділянках. Сосна звичайна (Pinus sylvestris) підходить для хвойних груп і вічнозелених структурних посадок. Для хвойних особливо важливі повітропроникний грунт, стабільна волога після висадки без застою води і захист коренів від пересихання. Зимостійкість та витривалість потрібно співвідносити з місцевим мікрокліматом, дренажем і ризиком зимового перезволоження. Зимостійка в умовах Києва, рівень високий. Висаджують із збереженою кореневою грудкою, без заглиблення кореневої шийки. У перший сезон потрібні регулярний, але не надмірний полив, мульчування і контроль сонячного та вітрового стресу. Застосування в саду: вічнозелені акценти, хвойні групи, посадки біля входів, доріжок і відкритих газонів. Варто врахувати майбутній розмір, темп росту і вимоги до місця.",source_backed_species_draft,Plants of the World Online / Kew; Royal Horticultural Society; NC State Extension Gardener Plant Toolbox; Missouri Botanical Garden,https://powo.science.kew.org/results?q=Pinus%20sylvestris; https://www.rhs.org.uk/plants/search-form?query=Pinus%20sylvestris; https://plants.ces.ncsu.edu/find_a_plant/?q=Pinus%20sylvestris; https://www.missouribotanicalgarden.org/PlantFinder/PlantFinderSearch.aspx?search=Pinus%20sylvestris,medium,Short description prepared from conservative reference traits and operator-confirmed label/taxonomy. Verify cultivar-specific claims before printing polished catalog.,Сосна звичайна - саджанці Flora & Aroma,,/images/plants/plant-0032-local-review.jpg; /images/plants/local/plant-0032-format-01.jpg; /images/plants/local/plant-0032-local-01.jpg,full_sun,dry;medium,1500,3000,05;06,inconspicuous,USDA 2-7,tree;windbreak;landscape,1500-2500,drought_tolerant;low_maintenance,CASSETTE-HIKO-V120SS;Горщик P11;Горщик P18,25;65;115,шт.;шт.;шт.,CASSETTE-HIKO-V120SS — 25 UAH/шт.;Горщик P11 — 65 UAH/шт.;Горщик P18 — 115 UAH/шт.,product_variants_pricehistory,VAR-PLANT-0032-V120;VAR-PLANT-0032-P11;VAR-PLANT-0032-P18,CASSETTE-HIKO-V120SS;POT-P11;POT-P18,V-120;P11;P18
PLANT-0033,Чабер садовий,Satureja hortensis L.,Пряні рослини,CASSETTE-HIKO-V120SS,30,шт.,ready_for_sale,"Однорічна пряно-ароматична рослина з вузьким листям і дрібними квітками. Підходить для пряних грядок, контейнерів і сонячних ділянок із легким ґрунтом. У Києві вирощується як однорічна культура і не зимує у відкритому ґрунті.","Однорічна пряно-ароматична рослина з вузьким листям і дрібними квітками. Підходить для пряних грядок, контейнерів і сонячних ділянок із легким ґрунтом. Чабер садовий (Satureja hortensis L.) описується як ароматична або пряна культура для сонячних, добре провітрюваних посадок. Для стабільного росту важливі водопроникний грунт, помірна волога без застою води і достатнє освітлення для щільного росту та виразного аромату. Зимостійкість та витривалість потрібно співвідносити з місцевим мікрокліматом, дренажем і ризиком зимового перезволоження. У Києві вирощується як однорічна культура і не зимує у відкритому ґрунті.","Після висадки підтримують рівномірну вологість до вкорінення, далі полив роблять помірним. Посадку не загущують, старі або відцвілі пагони прибирають, а підживлення дають стримано, щоб не отримати пухкий водянистий приріст.","Застосування в саду: ароматичні бордюри, пряні грядки, квітники для запилювачів, контейнерні посадки.","Однорічна пряно-ароматична рослина з вузьким листям і дрібними квітками. Підходить для пряних грядок, контейнерів і сонячних ділянок із легким ґрунтом. Чабер садовий (Satureja hortensis L.) описується як ароматична або пряна культура для сонячних, добре провітрюваних посадок. Для стабільного росту важливі водопроникний грунт, помірна волога без застою води і достатнє освітлення для щільного росту та виразного аромату. Зимостійкість та витривалість потрібно співвідносити з місцевим мікрокліматом, дренажем і ризиком зимового перезволоження. У Києві вирощується як однорічна культура і не зимує у відкритому ґрунті. Після висадки підтримують рівномірну вологість до вкорінення, далі полив роблять помірним. Посадку не загущують, старі або відцвілі пагони прибирають, а підживлення дають стримано, щоб не отримати пухкий водянистий приріст. Застосування в саду: ароматичні бордюри, пряні грядки, квітники для запилювачів, контейнерні посадки.",source_backed_species_draft,Plants of the World Online / Kew; Royal Horticultural Society; NC State Extension Gardener Plant Toolbox; Missouri Botanical Garden,https://powo.science.kew.org/results?q=Satureja%20hortensis%20L.; https://www.rhs.org.uk/plants/search-form?query=Satureja%20hortensis%20L.; https://plants.ces.ncsu.edu/find_a_plant/?q=Satureja%20hortensis%20L.; https://www.missouribotanicalgarden.org/PlantFinder/PlantFinderSearch.aspx?search=Satureja%20hortensis%20L.,medium,Short description prepared from conservative reference traits and operator-confirmed label/taxonomy. Verify cultivar-specific claims before printing polished catalog.,Чабер садовий - саджанці Flora & Aroma,Чабер садовий (Satureja hortensis L.). Варіант: CASSETTE-HIKO-V120SS — 30 UAH/шт. Наявність уточнюємо при замовленні.,/images/plants/local/plant-0033-local-gallery-01.jpg; /images/plants/local/plant-0033-local-gallery-02.jpg; /images/plants/local/plant-0033-local-01.jpg,full_sun,dry;medium,20,45,07;08;09,white;pink,annual,culinary;aromatic;border,20-25,aromatic_garden;drought_tolerant,CASSETTE-HIKO-V120SS,30,шт.,CASSETTE-HIKO-V120SS — 30 UAH/шт.,product_variants_pricehistory,VAR-PLANT-0033-V120,CASSETTE-HIKO-V120SS,V-120
PLANT-0090,Шавлія лучна,Salvia pratensis,Декоративні багаторічники,Горщик P11,65,шт.,contact_us,"Багаторічна лучна шавлія з синьо-фіолетовими колосками для сонячних або добре освітлених природних квітників, лучних композицій і посадок для запилювачів. Добре зимує в умовах Києва, рівень високий.","Шавлія лучна (Salvia pratensis) найкраще росте на сонячних або злегка притінених ділянках із дренованим ґрунтом і помірною вологістю без застою води. Добре працює у природних посадках, на лучних квітниках і в міксбордерах, не любить тривалого зимового перезволоження. Зимостійка в умовах Києва, рівень високий.","Після висадки підтримують помірну вологість до вкорінення, посадку не загущують, а відцвілі суцвіття за потреби прибирають для охайного вигляду. На дренованих ґрунтах рослина зазвичай формує міцніші й компактніші куртини.","Застосування в саду: природні квітники, лучні композиції, сонячні та напівсонячні бордюри, посадки для запилювачів і міксбордери.","Багаторічна лучна шавлія з синьо-фіолетовими колосками для сонячних або добре освітлених природних квітників, лучних композицій і посадок для запилювачів. Добре зимує в умовах Києва, рівень високий. Шавлія лучна (Salvia pratensis) найкраще росте на сонячних або злегка притінених ділянках із дренованим ґрунтом і помірною вологістю без застою води. Добре працює у природних посадках, на лучних квітниках і в міксбордерах, не любить тривалого зимового перезволоження. Зимостійка в умовах Києва, рівень високий. Після висадки підтримують помірну вологість до вкорінення, посадку не загущують, а відцвілі суцвіття за потреби прибирають для охайного вигляду. На дренованих ґрунтах рослина зазвичай формує міцніші й компактніші куртини. Застосування в саду: природні квітники, лучні композиції, сонячні та напівсонячні бордюри, посадки для запилювачів і міксбордери.",source_backed_species_draft,Plants of the World Online / Kew; Royal Horticultural Society; NC State Extension Gardener Plant Toolbox; Missouri Botanical Garden,https://powo.science.kew.org/results?q=Salvia%20pratensis; https://www.rhs.org.uk/plants/search-form?query=Salvia%20pratensis; https://plants.ces.ncsu.edu/find_a_plant/?q=Salvia%20pratensis; https://www.missouribotanicalgarden.org/PlantFinder/PlantFinderSearch.aspx?search=Salvia%20pratensis,medium,Short description prepared from conservative reference traits and operator-confirmed label/taxonomy. Verify cultivar-specific claims before printing polished catalog.,Шавлія лучна - саджанці Flora & Aroma,Шавлія лучна (Salvia pratensis). Варіант: Горщик P11 — 65 UAH/шт. Наявність уточнюємо при замовленні.,/images/plants/local/plant-0090-local-01.jpg; /images/plants/local/plant-0090-format-01.jpg; /images/plants/local/plant-0090-local-02.jpg,full_sun;part_sun,dry;medium,40,80,05;06;07,blue;violet,USDA 4-8,pollinator;border;meadow;naturalistic,30-40,pollinator_plants;border_plants;low_maintenance,Горщик P11,65,шт.,Горщик P11 — 65 UAH/шт.,product_variants_pricehistory,VAR-PLANT-0090-P11,POT-P11,P11
PLANT-0061,Шавлія австрійська,Salvia austriaca,Декоративні багаторічники,CASSETTE-HIKO-V120SS,30,шт.,ready_for_sale,"Багаторічна шавлія з опушеним листям і світлими суцвіттями. Використовується у сонячних квітниках і природних посадках; потребує дренованого ґрунту. Зимостійка в умовах Києва, рівень високий.","Багаторічна шавлія з опушеним листям і світлими суцвіттями. Використовується у сонячних квітниках і природних посадках; потребує дренованого ґрунту. Шавлія австрійська (Salvia austriaca) підходить для змішаних квітників, бордюрів і природних садових композицій. Для стабільного росту важливі відповідне освітлення, водопроникний грунт і відсутність тривалого застою води. Зимостійкість та витривалість потрібно співвідносити з місцевим мікрокліматом, дренажем і ризиком зимового перезволоження. Зимостійка в умовах Києва, рівень високий.","Після висадки підтримують вкорінення помірним поливом, не загущують рослини і стежать за чистотою посадки. Санітарне прибирання, легке мульчування і помірне живлення допомагають зберігати декоративність протягом сезону.","Застосування в саду: квітники, бордюри, міксбордери, природні посадки і садові та ландшафтні посадки. Рослину варто підбирати за умовами ділянки та роллю в композиції.","Багаторічна шавлія з опушеним листям і світлими суцвіттями. Використовується у сонячних квітниках і природних посадках; потребує дренованого ґрунту. Шавлія австрійська (Salvia austriaca) підходить для змішаних квітників, бордюрів і природних садових композицій. Для стабільного росту важливі відповідне освітлення, водопроникний грунт і відсутність тривалого застою води. Зимостійкість та витривалість потрібно співвідносити з місцевим мікрокліматом, дренажем і ризиком зимового перезволоження. Зимостійка в умовах Києва, рівень високий. Після висадки підтримують вкорінення помірним поливом, не загущують рослини і стежать за чистотою посадки. Санітарне прибирання, легке мульчування і помірне живлення допомагають зберігати декоративність протягом сезону. Застосування в саду: квітники, бордюри, міксбордери, природні посадки і садові та ландшафтні посадки. Рослину варто підбирати за умовами ділянки та роллю в композиції.",source_backed_species_draft,Plants of the World Online / Kew; Royal Horticultural Society; NC State Extension Gardener Plant Toolbox; Missouri Botanical Garden,https://powo.science.kew.org/results?q=Salvia%20austriaca; https://www.rhs.org.uk/plants/search-form?query=Salvia%20austriaca; https://plants.ces.ncsu.edu/find_a_plant/?q=Salvia%20austriaca; https://www.missouribotanicalgarden.org/PlantFinder/PlantFinderSearch.aspx?search=Salvia%20austriaca,medium,Short description prepared from conservative reference traits and operator-confirmed label/taxonomy. Verify cultivar-specific claims before printing polished catalog.,Шавлія австрійська - саджанці Flora & Aroma,Шавлія австрійська (Salvia austriaca). Від 30 UAH/шт. Варіанти: CASSETTE-HIKO-V120SS — 30 UAH/шт.; Горщик P9 — 55 UAH/шт. Наявність уточнюємо при замовленні.,/images/plants/plant-0061.webp; /images/plants/local/plant-0061-local-04.jpg; /images/plants/local/plant-0061-local-02.jpg; /images/plants/local/plant-0061-card-01.png,full_sun,dry;medium,50,80,05;06;07,white;pale_yellow,USDA 5-8,pollinator;border;dry_site,35-45,drought_tolerant;pollinator_plants;border_plants,CASSETTE-HIKO-V120SS;Горщик P9,30;55,шт.;шт.,CASSETTE-HIKO-V120SS — 30 UAH/шт.;Горщик P9 — 55 UAH/шт.,product_variants_pricehistory,VAR-PLANT-0061-V120;VAR-PLANT-0061-P9,CASSETTE-HIKO-V120SS;POT-P9,V-120;P9
PLANT-0041,Шавлія дібровна,Salvia nemorosa L.,Декоративні багаторічники,CASSETTE-HIKO-V120SS,30,шт.,ready_for_sale,"Популярна багаторічна шавлія з вертикальними колосоподібними суцвіттями синьо-фіолетових тонів. Добра для бордюрів, масивів і посадок для запилювачів на сонці. Зимостійка в умовах Києва, рівень високий.","Популярна багаторічна шавлія з вертикальними колосоподібними суцвіттями синьо-фіолетових тонів. Добра для бордюрів, масивів і посадок для запилювачів на сонці. Шавлія дібровна (Salvia nemorosa L.) підходить для змішаних квітників, бордюрів і природних садових композицій. Для стабільного росту важливі відповідне освітлення, водопроникний грунт і відсутність тривалого застою води. Зимостійкість та витривалість потрібно співвідносити з місцевим мікрокліматом, дренажем і ризиком зимового перезволоження. Зимостійка в умовах Києва, рівень високий.","Після висадки підтримують вкорінення помірним поливом, не загущують рослини і стежать за чистотою посадки. Санітарне прибирання, легке мульчування і помірне живлення допомагають зберігати декоративність протягом сезону.","Застосування в саду: квітники, бордюри, міксбордери, природні посадки і садові та ландшафтні посадки. Рослину варто підбирати за умовами ділянки та роллю в композиції.","Популярна багаторічна шавлія з вертикальними колосоподібними суцвіттями синьо-фіолетових тонів. Добра для бордюрів, масивів і посадок для запилювачів на сонці. Шавлія дібровна (Salvia nemorosa L.) підходить для змішаних квітників, бордюрів і природних садових композицій. Для стабільного росту важливі відповідне освітлення, водопроникний грунт і відсутність тривалого застою води. Зимостійкість та витривалість потрібно співвідносити з місцевим мікрокліматом, дренажем і ризиком зимового перезволоження. Зимостійка в умовах Києва, рівень високий. Після висадки підтримують вкорінення помірним поливом, не загущують рослини і стежать за чистотою посадки. Санітарне прибирання, легке мульчування і помірне живлення допомагають зберігати декоративність протягом сезону. Застосування в саду: квітники, бордюри, міксбордери, природні посадки і садові та ландшафтні посадки. Рослину варто підбирати за умовами ділянки та роллю в композиції.",source_backed_species_draft,Plants of the World Online / Kew; Royal Horticultural Society; NC State Extension Gardener Plant Toolbox; Missouri Botanical Garden,https://powo.science.kew.org/results?q=Salvia%20nemorosa%20L.; https://www.rhs.org.uk/plants/search-form?query=Salvia%20nemorosa%20L.; https://plants.ces.ncsu.edu/find_a_plant/?q=Salvia%20nemorosa%20L.; https://www.missouribotanicalgarden.org/PlantFinder/PlantFinderSearch.aspx?search=Salvia%20nemorosa%20L.,medium,Short description prepared from conservative reference traits and operator-confirmed label/taxonomy. Verify cultivar-specific claims before printing polished catalog.,Шавлія дібровна - саджанці Flora & Aroma,Шавлія дібровна (Salvia nemorosa L.). Від 30 UAH/шт. Варіанти: CASSETTE-HIKO-V120SS — 30 UAH/шт.; Горщик P9 — 55 UAH/шт.; Горщик P11 — 65 UAH/шт.; Горщик P19 — 125 UAH/шт. Наявність уточнюємо при замовленні.,/images/plants/plant-0041.jpg; /images/plants/local/plant-0041-format-01.jpg; /images/plants/local/plant-0041-local-06.jpg; /images/plants/local/plant-0041-local-02.jpg; /images/plants/local/plant-0041-local-03.jpg; /images/plants/local/plant-0041-card-01.png,full_sun,dry;medium,30,60,06;07;08;09,violet;blue,USDA 4-8,pollinator;border;aromatic,30-45,aromatic_garden;pollinator_plants;drought_tolerant;border_plants;low_maintenance,CASSETTE-HIKO-V120SS;Горщик P9;Горщик P11;Горщик P19,30;55;65;125,шт.;шт.;шт.;шт.,CASSETTE-HIKO-V120SS — 30 UAH/шт.;Горщик P9 — 55 UAH/шт.;Горщик P11 — 65 UAH/шт.;Горщик P19 — 125 UAH/шт.,product_variants_pricehistory,VAR-PLANT-0041-V120;VAR-PLANT-0041-P9;VAR-PLANT-0041-P11;VAR-PLANT-0041-P19,CASSETTE-HIKO-V120SS;POT-P9;POT-P11;POT-P19,V-120;P9;P11;P19
PLANT-0082,Шавлія лікарська,Salvia officinalis,Лікарські рослини,CASSETTE-HIKO-V120SS,30,шт.,ready_for_sale,"Ароматична багаторічна шавлія з сіруватим листям і фіолетово-синіми квітками. Підходить для пряно-ароматичних садів, сонячних бордюрів і контейнерів. Зимостійка в умовах Києва, рівень високий.","Ароматична багаторічна шавлія з сіруватим листям і фіолетово-синіми квітками. Підходить для пряно-ароматичних садів, сонячних бордюрів і контейнерів. Шавлія лікарська (Salvia officinalis) описується як ароматична або пряна культура для сонячних, добре провітрюваних посадок. Для стабільного росту важливі водопроникний грунт, помірна волога без застою води і достатнє освітлення для щільного росту та виразного аромату. Зимостійкість та витривалість потрібно співвідносити з місцевим мікрокліматом, дренажем і ризиком зимового перезволоження. Зимостійка в умовах Києва, рівень високий.","Після висадки підтримують рівномірну вологість до вкорінення, далі полив роблять помірним. Посадку не загущують, старі або відцвілі пагони прибирають, а підживлення дають стримано, щоб не отримати пухкий водянистий приріст.","Застосування в саду: ароматичні бордюри, пряні грядки, квітники для запилювачів, контейнерні посадки.","Ароматична багаторічна шавлія з сіруватим листям і фіолетово-синіми квітками. Підходить для пряно-ароматичних садів, сонячних бордюрів і контейнерів. Шавлія лікарська (Salvia officinalis) описується як ароматична або пряна культура для сонячних, добре провітрюваних посадок. Для стабільного росту важливі водопроникний грунт, помірна волога без застою води і достатнє освітлення для щільного росту та виразного аромату. Зимостійкість та витривалість потрібно співвідносити з місцевим мікрокліматом, дренажем і ризиком зимового перезволоження. Зимостійка в умовах Києва, рівень високий. Після висадки підтримують рівномірну вологість до вкорінення, далі полив роблять помірним. Посадку не загущують, старі або відцвілі пагони прибирають, а підживлення дають стримано, щоб не отримати пухкий водянистий приріст. Застосування в саду: ароматичні бордюри, пряні грядки, квітники для запилювачів, контейнерні посадки.",source_backed_species_draft,Plants of the World Online / Kew; Royal Horticultural Society; NC State Extension Gardener Plant Toolbox; Missouri Botanical Garden,https://powo.science.kew.org/results?q=Salvia%20officinalis; https://www.rhs.org.uk/plants/search-form?query=Salvia%20officinalis; https://plants.ces.ncsu.edu/find_a_plant/?q=Salvia%20officinalis; https://www.missouribotanicalgarden.org/PlantFinder/PlantFinderSearch.aspx?search=Salvia%20officinalis,medium,Short description prepared from conservative reference traits and operator-confirmed label/taxonomy. Verify cultivar-specific claims before printing polished catalog.,Шавлія лікарська - саджанці Flora & Aroma,Шавлія лікарська (Salvia officinalis). Від 30 UAH/шт. Варіанти: CASSETTE-HIKO-V120SS — 30 UAH/шт.; Горщик P9 — 55 UAH/шт.; Горщик P11 — 65 UAH/шт. Наявність уточнюємо при замовленні.,/images/plants/plant-0082.jpg; /images/plants/local/plant-0082-local-format-01.jpg; /images/plants/local/plant-0082-local-02.jpg; /images/plants/local/plant-0082-local-01.jpg; /images/plants/local/plant-0082-card-01.png,full_sun,dry;medium,45,75,06;07,blue;violet,USDA 4-8,culinary;medicinal;aromatic;pollinator,45-60,aromatic_garden;pollinator_plants;drought_tolerant;low_maintenance,CASSETTE-HIKO-V120SS;Горщик P9;Горщик P11,30;55;65,шт.;шт.;шт.,CASSETTE-HIKO-V120SS — 30 UAH/шт.;Горщик P9 — 55 UAH/шт.;Горщик P11 — 65 UAH/шт.,product_variants_pricehistory,VAR-PLANT-0082-V120;VAR-PLANT-0082-P9;VAR-PLANT-0082-P11,CASSETTE-HIKO-V120SS;POT-P9;POT-P11,V-120;P9;P11
PLANT-0078,Шавлія мускатна,Salvia sclarea,Лікарські рослини,CASSETTE-HIKO-V120SS,30,шт.,ready_for_sale,"Висока ароматична шавлія з великими листками і розгалуженими суцвіттями рожево-лілових тонів. Цінується як декоративна, медоносна та ефіроолійна культура. Зимостійка в умовах Києва, рівень достатній.","Висока ароматична шавлія з великими листками і розгалуженими суцвіттями рожево-лілових тонів. Цінується як декоративна, медоносна та ефіроолійна культура. Шавлія мускатна (Salvia sclarea) описується як ароматична або пряна культура для сонячних, добре провітрюваних посадок. Для стабільного росту важливі водопроникний грунт, помірна волога без застою води і достатнє освітлення для щільного росту та виразного аромату. Зимостійкість та витривалість потрібно співвідносити з місцевим мікрокліматом, дренажем і ризиком зимового перезволоження. Зимостійка в умовах Києва, рівень достатній.","Після висадки підтримують рівномірну вологість до вкорінення, далі полив роблять помірним. Посадку не загущують, старі або відцвілі пагони прибирають, а підживлення дають стримано, щоб не отримати пухкий водянистий приріст.","Застосування в саду: ароматичні бордюри, пряні грядки, квітники для запилювачів, контейнерні посадки.","Висока ароматична шавлія з великими листками і розгалуженими суцвіттями рожево-лілових тонів. Цінується як декоративна, медоносна та ефіроолійна культура. Шавлія мускатна (Salvia sclarea) описується як ароматична або пряна культура для сонячних, добре провітрюваних посадок. Для стабільного росту важливі водопроникний грунт, помірна волога без застою води і достатнє освітлення для щільного росту та виразного аромату. Зимостійкість та витривалість потрібно співвідносити з місцевим мікрокліматом, дренажем і ризиком зимового перезволоження. Зимостійка в умовах Києва, рівень достатній. Після висадки підтримують рівномірну вологість до вкорінення, далі полив роблять помірним. Посадку не загущують, старі або відцвілі пагони прибирають, а підживлення дають стримано, щоб не отримати пухкий водянистий приріст. Застосування в саду: ароматичні бордюри, пряні грядки, квітники для запилювачів, контейнерні посадки.",source_backed_species_draft,Plants of the World Online / Kew; Royal Horticultural Society; NC State Extension Gardener Plant Toolbox; Missouri Botanical Garden,https://powo.science.kew.org/results?q=Salvia%20sclarea; https://www.rhs.org.uk/plants/search-form?query=Salvia%20sclarea; https://plants.ces.ncsu.edu/find_a_plant/?q=Salvia%20sclarea; https://www.missouribotanicalgarden.org/PlantFinder/PlantFinderSearch.aspx?search=Salvia%20sclarea,medium,Short description prepared from conservative reference traits and operator-confirmed label/taxonomy. Verify cultivar-specific claims before printing polished catalog.,Шавлія мускатна - саджанці Flora & Aroma,Шавлія мускатна (Salvia sclarea). Від 30 UAH/шт. Варіанти: CASSETTE-HIKO-V120SS — 30 UAH/шт.; Горщик P9 — 55 UAH/шт.; Горщик P11 — 65 UAH/шт.; Горщик P19 — 125 UAH/шт. Наявність уточнюємо при замовленні.,/images/plants/plant-0078.jpg; /images/plants/local/plant-0078-local-04.jpg; /images/plants/local/plant-0078-local-05.jpg; /images/plants/local/plant-0078-local-01.jpg; /images/plants/local/plant-0078-card-01.png,full_sun,dry;medium,60,120,06;07;08,pink;lilac;white,USDA 5-9,aromatic;pollinator;border,45-60,aromatic_garden;pollinator_plants;border_plants,CASSETTE-HIKO-V120SS;Горщик P9;Горщик P11;Горщик P19,30;55;65;125,шт.;шт.;шт.;шт.,CASSETTE-HIKO-V120SS — 30 UAH/шт.;Горщик P9 — 55 UAH/шт.;Горщик P11 — 65 UAH/шт.;Горщик P19 — 125 UAH/шт.,product_variants_pricehistory,VAR-PLANT-0078-V120;VAR-PLANT-0078-P9;VAR-PLANT-0078-P11;VAR-PLANT-0078-P19,CASSETTE-HIKO-V120SS;POT-P9;POT-P11;POT-P19,V-120;P9;P11;P19
PLANT-0009,Ехінацея пурпурова,Echinacea purpurea (L.) Moench,Лікарські рослини,CASSETTE-HIKO-V120SS,35,шт.,ready_for_sale,"Багаторічна рослина з великими пурпурово-рожевими кошиками і опуклим центром. Підходить для сонячних квітників, природних посадок і зрізу; приваблює запилювачів. Зимостійка в умовах Києва, рівень високий.","Ехінацея пурпурова добре росте на сонячних ділянках із проникним ґрунтом без застою води. У саду працює як довговічний квітучий багаторічник для природних посадок, міксбордерів і ділянок для запилювачів. Зимостійка в умовах Києва, рівень високий.","Після висадки підтримують помірну вологість до вкорінення, далі полив роблять стриманим. Для рясного цвітіння обирають сонячне місце, не загущують посадку і зрізають відцвілі суцвіття за потреби.","Застосування в саду: сонячні квітники, природні посадки, міксбордери, зріз і посадки для запилювачів.","Багаторічна рослина з великими пурпурово-рожевими кошиками і опуклим центром. Підходить для сонячних квітників, природних посадок і зрізу; приваблює запилювачів. Ехінацея пурпурова добре росте на сонячних ділянках із проникним ґрунтом без застою води. У саду працює як довговічний квітучий багаторічник для природних посадок, міксбордерів і ділянок для запилювачів. Зимостійка в умовах Києва, рівень високий. Після висадки підтримують помірну вологість до вкорінення, далі полив роблять стриманим. Для рясного цвітіння обирають сонячне місце, не загущують посадку і зрізають відцвілі суцвіття за потреби. Застосування в саду: сонячні квітники, природні посадки, міксбордери, зріз і посадки для запилювачів.",operator_approved,Operator-approved Gate 1 card; PriceHistory; Stock_draft,,high,Published after operator approval 2026-07-06; exact public availability is still confirmed at order time.,Ехінацея пурпурова - саджанці Flora & Aroma,Ехінацея пурпурова (Echinacea purpurea (L.) Moench). Варіант: CASSETTE-HIKO-V120SS — 35 UAH/шт. Наявність уточнюємо при замовленні.,/images/plants/local/plant-0009-local-01.jpg; /images/plants/local/plant-0009-format-01.jpg; /images/plants/local/plant-0009-card-01.png,full_sun,dry;medium,60,100,07;08;09,purple;pink,USDA 3-8,medicinal;pollinator;border;cut_flower,35-45,pollinator_plants;border_plants;low_maintenance;sunny_site,CASSETTE-HIKO-V120SS,35,шт.,CASSETTE-HIKO-V120SS — 35 UAH/шт.,product_variants_pricehistory,VAR-PLANT-0009-V120,CASSETTE-HIKO-V120SS,V-120
PLANT-0098,Чебрець звичайний,Thymus vulgaris,Пряні рослини,Горщик P11,65,шт.,ready_for_sale,"Ароматичний напівкущик і класичний кулінарний чебрець для сонячних, добре дренованих місць. Має дрібне запашне сіро-зелене листя, літнє цвітіння й підходить для пряно-ароматичних посадок, рокаріїв та сухіших бордюрів. Зимостійкий в умовах Києва, рівень високий.","Чебрець звичайний (Thymus vulgaris) найкраще росте на відкритих сонячних місцях із легким водопроникним ґрунтом. Добре переносить короткі посушливі періоди, але не любить застою води, важких сирих ділянок і зимового перезволоження. Зимостійкий в умовах Києва, рівень високий.","Після висадки підтримують помірну вологість до вкорінення, далі полив роблять стриманим. Для щільної форми пагони після цвітіння можна легко підрізати; надмірне азотне живлення не бажане.","Застосування в саду: пряні грядки, ароматичні бордюри, рокарії, сухі сонячні квітники, контейнери та посадки для запилювачів.","Ароматичний напівкущик і класичний кулінарний чебрець для сонячних, добре дренованих місць. Має дрібне запашне сіро-зелене листя, літнє цвітіння й підходить для пряно-ароматичних посадок, рокаріїв та сухіших бордюрів. Зимостійкий в умовах Києва, рівень високий. Чебрець звичайний (Thymus vulgaris) найкраще росте на відкритих сонячних місцях із легким водопроникним ґрунтом. Добре переносить короткі посушливі періоди, але не любить застою води, важких сирих ділянок і зимового перезволоження. Зимостійкий в умовах Києва, рівень високий. Після висадки підтримують помірну вологість до вкорінення, далі полив роблять стриманим. Для щільної форми пагони після цвітіння можна легко підрізати; надмірне азотне живлення не бажане. Застосування в саду: пряні грядки, ароматичні бордюри, рокарії, сухі сонячні квітники, контейнери та посадки для запилювачів.",source_backed_species_draft,Plants of the World Online / Kew; Royal Horticultural Society; NC State Extension Gardener Plant Toolbox; Missouri Botanical Garden,https://powo.science.kew.org/results?q=Thymus%20vulgaris; https://www.rhs.org.uk/plants/search-form?query=Thymus%20vulgaris; https://plants.ces.ncsu.edu/find_a_plant/?q=Thymus%20vulgaris; https://www.missouribotanicalgarden.org/PlantFinder/PlantFinderSearch.aspx?search=Thymus%20vulgaris,medium,Short description prepared from conservative reference traits and operator-confirmed label/taxonomy. Verify cultivar-specific claims before printing polished catalog.,Чебрець звичайний - саджанці Flora & Aroma,Чебрець звичайний (Thymus vulgaris). Варіант: Горщик P11 — 65 UAH/шт. Наявність уточнюємо при замовленні.,/images/plants/plant-0098-commons.jpg,full_sun,dry;medium,15,30,06;07;08,pink;purple,USDA 5-9,culinary;aromatic;pollinator;dry_site;border;container,25-30,aromatic_garden;pollinator_plants;drought_tolerant;border_plants;low_maintenance,Горщик P11,65,шт.,Горщик P11 — 65 UAH/шт.,product_variants_pricehistory,VAR-PLANT-0098-P11,POT-P11,P11
PLANT-0085,Костриця Готьє,Festuca gautieri,Рослини для саду,CASSETTE-HIKO-V120SS,30,шт.,ready_for_sale,"Низький щільний декоративний злак із подушкоподібною формою. Добрий для кам’янистих садів, бордюрів і сухих сонячних місць із біднішим дренованим ґрунтом. Добре зимує в умовах Києва, рівень високий.","Низький щільний декоративний злак із подушкоподібною формою. Добрий для кам’янистих садів, бордюрів і сухих сонячних місць із біднішим дренованим ґрунтом. Добре зимує в умовах Києва, рівень високий. Костриця Готьє (Festuca gautieri) працює як структурна рослина для сонячних або добре освітлених композицій. Для стабільної декоративності потрібні дренований грунт, помірна родючість і відсутність застою води біля кореневої шийки. Добре зимує в умовах Києва, рівень високий.","Після посадки важливо дати рослині рівномірно вкоренитися, не переливати і не загущувати куртини. Старе листя прибирають після втрати декоративності або навесні, щоб новий приріст був чистим.","Застосування в саду: рокарії, кам’янисті сади, бордюри, сухі сонячні композиції і контейнерні посадки.","Низький щільний декоративний злак із подушкоподібною формою. Добрий для кам’янистих садів, бордюрів і сухих сонячних місць із біднішим дренованим ґрунтом. Добре зимує в умовах Києва, рівень високий. Низький щільний декоративний злак із подушкоподібною формою. Добрий для кам’янистих садів, бордюрів і сухих сонячних місць із біднішим дренованим ґрунтом. Добре зимує в умовах Києва, рівень високий. Костриця Готьє (Festuca gautieri) працює як структурна рослина для сонячних або добре освітлених композицій. Для стабільної декоративності потрібні дренований грунт, помірна родючість і відсутність застою води біля кореневої шийки. Добре зимує в умовах Києва, рівень високий. Після посадки важливо дати рослині рівномірно вкоренитися, не переливати і не загущувати куртини. Старе листя прибирають після втрати декоративності або навесні, щоб новий приріст був чистим. Застосування в саду: рокарії, кам’янисті сади, бордюри, сухі сонячні композиції і контейнерні посадки.",operator_approved,Plants of the World Online / Kew; Royal Horticultural Society; NC State Extension Gardener Plant Toolbox; Missouri Botanical Garden,https://powo.science.kew.org/results?q=Festuca%20gautieri; https://www.rhs.org.uk/plants/search-form?query=Festuca%20gautieri; https://plants.ces.ncsu.edu/find_a_plant/?q=Festuca%20gautieri; https://www.missouribotanicalgarden.org/PlantFinder/PlantFinderSearch.aspx?search=Festuca%20gautieri,medium,Short description prepared from conservative reference traits and operator-confirmed label/taxonomy. Verify cultivar-specific claims before printing polished catalog.,Костриця Готьє - саджанці Flora & Aroma,Костриця Готьє (Festuca gautieri). Від 30 UAH/шт. Варіанти: CASSETTE-HIKO-V120SS — 30 UAH/шт.; Горщик P11 — 65 UAH/шт. Наявність уточнюємо при замовленні.,/images/plants/local/plant-0085-local-gallery-03.png; /images/plants/local/plant-0085-local-gallery-01.jpg; /images/plants/local/plant-0085-local-gallery-02.jpg,full_sun,dry;medium,10,15,05;06,green;tan,USDA 4-8,ornamental_grass;rock_garden;border;groundcover,20-30,drought_tolerant;border_plants;low_maintenance;sunny_site,CASSETTE-HIKO-V120SS;Горщик P11,30;65,шт.;шт.,CASSETTE-HIKO-V120SS — 30 UAH/шт.;Горщик P11 — 65 UAH/шт.,product_variants_pricehistory,VAR-PLANT-0085-V120;VAR-PLANT-0085-P11,CASSETTE-HIKO-V120SS;POT-P11,V-120;P11
PLANT-0069,Едельвейс альпійський,Leontopodium alpinum,Декоративні багаторічники,CASSETTE-HIKO-V120SS,30,шт.,ready_for_sale,"Альпійська багаторічна рослина з сріблясто-опушеним листям і зірчастими суцвіттями. Найкраще підходить для альпінаріїв, кам’янистих садів і сухих дренованих місць. Добре зимує в умовах Києва, рівень високий.","Альпійська багаторічна рослина з сріблясто-опушеним листям і зірчастими суцвіттями. Едельвейс альпійський (Leontopodium alpinum) найкраще росте на сонячних, добре дренованих кам’янистих або щебенистих ділянках. Не любить перезволоження, важких грунтів і застою води взимку. Добре зимує в умовах Києва, рівень високий.","Після висадки поливають помірно до вкорінення. Для стабільної декоративності потрібні легкий дренований грунт, відкрите сонячне місце і стриманий полив без перезволоження.","Застосування в саду: альпінарії, рокарії, кам’янисті сади, сухі підпірні стінки і контейнерні композиції на сонці.","Альпійська багаторічна рослина з сріблясто-опушеним листям і зірчастими суцвіттями. Найкраще підходить для альпінаріїв, кам’янистих садів і сухих дренованих місць. Добре зимує в умовах Києва, рівень високий. Альпійська багаторічна рослина з сріблясто-опушеним листям і зірчастими суцвіттями. Едельвейс альпійський (Leontopodium alpinum) найкраще росте на сонячних, добре дренованих кам’янистих або щебенистих ділянках. Не любить перезволоження, важких грунтів і застою води взимку. Добре зимує в умовах Києва, рівень високий. Після висадки поливають помірно до вкорінення. Для стабільної декоративності потрібні легкий дренований грунт, відкрите сонячне місце і стриманий полив без перезволоження. Застосування в саду: альпінарії, рокарії, кам’янисті сади, сухі підпірні стінки і контейнерні композиції на сонці.",source_backed_species_draft,Plants of the World Online / Kew; Royal Horticultural Society; NC State Extension Gardener Plant Toolbox; Missouri Botanical Garden,https://powo.science.kew.org/results?q=Leontopodium%20alpinum; https://www.rhs.org.uk/plants/search-form?query=Leontopodium%20alpinum; https://plants.ces.ncsu.edu/find_a_plant/?q=Leontopodium%20alpinum; https://www.missouribotanicalgarden.org/PlantFinder/PlantFinderSearch.aspx?search=Leontopodium%20alpinum,medium,Short description prepared from conservative reference traits and operator-confirmed label/taxonomy. Verify cultivar-specific claims before printing polished catalog.,Едельвейс альпійський - саджанці Flora & Aroma,Едельвейс альпійський (Leontopodium alpinum). Варіант: CASSETTE-HIKO-V120SS — 30 UAH/шт. Наявність уточнюємо при замовленні.,/images/plants/local/plant-0069-local-gallery-03.jpg; /images/plants/local/plant-0069-local-gallery-01.jpg; /images/plants/local/plant-0069-local-gallery-02.jpg; /images/plants/local/plant-0069-local-gallery-04.jpg; /images/plants/local/plant-0069-local-gallery-05.jpg; /images/plants/local/plant-0069-card-01.png,full_sun,dry,10,20,06;07,white;cream,USDA 4-7,rock_garden;ornamental;dry_site;container,20-25,drought_tolerant;sunny_site;low_maintenance,CASSETTE-HIKO-V120SS,30,шт.,CASSETTE-HIKO-V120SS — 30 UAH/шт.,product_variants_pricehistory,VAR-PLANT-0069-V120,CASSETTE-HIKO-V120SS,V-120
PLANT-0010,Ковила тонка,Nassella tenuissima (Trin.) Barkworth,Рослини для саду,CASSETTE-HIKO-V120SS,30,шт.,ready_for_sale,"Витончений декоративний злак із дуже тонким листям і легкими рухливими суцвіттями. Ефектний у сонячних сухуватих посадках, природних композиціях і контейнерах. Не має надійної зимостійкості у відкритому ґрунті в умовах Києва; рівень низький, потрібне зимове укриття.","Витончений декоративний злак із дуже тонким листям і легкими рухливими суцвіттями. Ефектний у сонячних сухуватих посадках, природних композиціях і контейнерах. Не має надійної зимостійкості у відкритому ґрунті в умовах Києва; рівень низький, потрібне зимове укриття. Ковила тонка (Nassella tenuissima (Trin.) Barkworth) працює як структурна рослина для сонячних або добре освітлених композицій. Для стабільної декоративності потрібні дренований грунт, помірна родючість і відсутність застою води біля кореневої шийки. Не має надійної зимостійкості у відкритому ґрунті в умовах Києва; рівень низький, потрібне зимове укриття.","Після посадки важливо дати рослині рівномірно вкоренитися, не переливати і не загущувати куртини. Старе листя прибирають після втрати декоративності або навесні, щоб новий приріст був чистим.","Застосування в саду: природні квітники, гравійні сади, сонячні масиви, бордюри і контейнери.","Витончений декоративний злак із дуже тонким листям і легкими рухливими суцвіттями. Ефектний у сонячних сухуватих посадках, природних композиціях і контейнерах. Не має надійної зимостійкості у відкритому ґрунті в умовах Києва; рівень низький, потрібне зимове укриття. Витончений декоративний злак із дуже тонким листям і легкими рухливими суцвіттями. Ефектний у сонячних сухуватих посадках, природних композиціях і контейнерах. Не має надійної зимостійкості у відкритому ґрунті в умовах Києва; рівень низький, потрібне зимове укриття. Ковила тонка (Nassella tenuissima (Trin.) Barkworth) працює як структурна рослина для сонячних або добре освітлених композицій. Для стабільної декоративності потрібні дренований грунт, помірна родючість і відсутність застою води біля кореневої шийки. Не має надійної зимостійкості у відкритому ґрунті в умовах Києва; рівень низький, потрібне зимове укриття. Після посадки важливо дати рослині рівномірно вкоренитися, не переливати і не загущувати куртини. Старе листя прибирають після втрати декоративності або навесні, щоб новий приріст був чистим. Застосування в саду: природні квітники, гравійні сади, сонячні масиви, бордюри і контейнери.",source_backed_species_draft,Plants of the World Online / Kew; Royal Horticultural Society; NC State Extension Gardener Plant Toolbox; Missouri Botanical Garden,https://powo.science.kew.org/results?q=Nassella%20tenuissima; https://www.rhs.org.uk/plants/search-form?query=Nassella%20tenuissima; https://plants.ces.ncsu.edu/find_a_plant/?q=Nassella%20tenuissima; https://www.missouribotanicalgarden.org/PlantFinder/PlantFinderSearch.aspx?search=Nassella%20tenuissima,medium,Short description prepared from conservative reference traits and operator-confirmed label/taxonomy. Verify cultivar-specific claims before printing polished catalog.,Ковила тонка - саджанці Flora & Aroma,Ковила тонка (Nassella tenuissima (Trin.) Barkworth). Варіант: CASSETTE-HIKO-V120SS — 30 UAH/шт. Наявність уточнюємо при замовленні.,/images/plants/local/plant-0010-local-gallery-01.jpg; /images/plants/local/plant-0010-format-01.jpg; /images/plants/local/plant-0010-local-gallery-02.png; /images/plants/local/plant-0010-local-gallery-03.jfif,full_sun,dry;medium,40,70,06;07;08,tan;cream,USDA 7-10,ornamental_grass;dry_site;border;naturalistic,30-40,drought_tolerant;border_plants;sunny_site;low_maintenance,CASSETTE-HIKO-V120SS,30,шт.,CASSETTE-HIKO-V120SS — 30 UAH/шт.,product_variants_pricehistory,VAR-PLANT-0010-V120,CASSETTE-HIKO-V120SS,V-120
PLANT-0073,Лаванда вузьколиста 'Hidcote',Lavandula angustifolia,Ароматичні рослини,CASSETTE-HIKO-V120SS,30,шт.,ready_for_sale,"Компактний сорт вузьколистої лаванди з темно-фіолетовими квітками для сонячних бордюрів, ароматичних садів і контейнерів. Потребує легкого дренованого ґрунту та добре зимує в умовах Києва, рівень достатній.","Лаванда вузьколиста 'Hidcote' (Lavandula angustifolia) найкраще росте на відкритих сонячних місцях із добрим дренажем. Погано переносить зимове перезволоження, ущільнені сирі ґрунти й затінення. Зимостійка в умовах Києва, рівень достатній.","Після висадки поливають помірно до вкорінення, далі підтримують стриманий полив без застою води. Навесні прибирають підсохлі пагони й легко підрізають кущик для щільної форми.","Застосування в саду: ароматичні бордюри, сонячні квітники, рокарії, сухі композиції та контейнери біля терас і доріжок.","Компактний сорт вузьколистої лаванди з темно-фіолетовими квітками для сонячних бордюрів, ароматичних садів і контейнерів. Потребує легкого дренованого ґрунту та добре зимує в умовах Києва, рівень достатній. Лаванда вузьколиста 'Hidcote' (Lavandula angustifolia) найкраще росте на відкритих сонячних місцях із добрим дренажем. Погано переносить зимове перезволоження, ущільнені сирі ґрунти й затінення. Зимостійка в умовах Києва, рівень достатній. Після висадки поливають помірно до вкорінення, далі підтримують стриманий полив без застою води. Навесні прибирають підсохлі пагони й легко підрізають кущик для щільної форми. Застосування в саду: ароматичні бордюри, сонячні квітники, рокарії, сухі композиції та контейнери біля терас і доріжок.",source_backed_species_draft,Plants of the World Online / Kew; Royal Horticultural Society; NC State Extension Gardener Plant Toolbox; Missouri Botanical Garden,https://powo.science.kew.org/results?q=Lavandula%20angustifolia; https://www.rhs.org.uk/plants/search-form?query=Lavandula%20angustifolia; https://plants.ces.ncsu.edu/find_a_plant/?q=Lavandula%20angustifolia; https://www.missouribotanicalgarden.org/PlantFinder/PlantFinderSearch.aspx?search=Lavandula%20angustifolia,medium,Short description prepared from conservative reference traits and operator-confirmed label/taxonomy. Verify cultivar-specific claims before printing polished catalog.,Лаванда вузьколиста 'Hidcote' - саджанці Flora & Aroma,Лаванда вузьколиста 'Hidcote' (Lavandula angustifolia). Варіант: CASSETTE-HIKO-V120SS — 30 UAH/шт. Наявність уточнюємо при замовленні.,/images/plants/local/plant-0073-local-gallery-01.png; /images/plants/local/plant-0073-local-gallery-02.jpg; /images/plants/local/plant-0073-local-gallery-03.png,full_sun,dry,30,45,06;07;08,purple;violet,USDA 5-9,aromatic;pollinator;dry_site;container,30-40,aromatic_garden;pollinator_plants;drought_tolerant;sunny_site,CASSETTE-HIKO-V120SS,30,шт.,CASSETTE-HIKO-V120SS — 30 UAH/шт.,product_variants_pricehistory,VAR-PLANT-0073-V120,CASSETTE-HIKO-V120SS,V-120
PLANT-0087,Чебрець повзучий,Thymus serpyllum,Пряні рослини,CASSETTE-HIKO-V120SS,30,шт.,ready_for_sale,"Низький ароматичний багаторічник і ґрунтопокривна рослина для сонячних сухіших місць, кам’янистих садів і пряно-ароматичних посадок. Має дрібне листя, пряний аромат і літнє цвітіння; добре зимує в умовах Києва, рівень високий.","Чебрець повзучий (Thymus serpyllum) найкраще росте на сонячних місцях із легким водопроникним ґрунтом. Добре працює між камінням, на схилах і в сухих бордюрах, не любить застою води та важких сирих ділянок. Зимостійка в умовах Києва, рівень високий.","Після висадки підтримують помірну вологість до вкорінення, далі полив роблять стриманим. Для щільного килима рослину не загущують, а після цвітіння за потреби легко підстригають.","Застосування в саду: рокарії, міжплиткові посадки, сухі бордюри, ароматичні грядки, передній план квітника та контейнери.","Низький ароматичний багаторічник і ґрунтопокривна рослина для сонячних сухіших місць, кам’янистих садів і пряно-ароматичних посадок. Має дрібне листя, пряний аромат і літнє цвітіння; добре зимує в умовах Києва, рівень високий. Чебрець повзучий (Thymus serpyllum) найкраще росте на сонячних місцях із легким водопроникним ґрунтом. Добре працює між камінням, на схилах і в сухих бордюрах, не любить застою води та важких сирих ділянок. Зимостійка в умовах Києва, рівень високий. Після висадки підтримують помірну вологість до вкорінення, далі полив роблять стриманим. Для щільного килима рослину не загущують, а після цвітіння за потреби легко підстригають. Застосування в саду: рокарії, міжплиткові посадки, сухі бордюри, ароматичні грядки, передній план квітника та контейнери.",operator_approved,Plants of the World Online / Kew; Royal Horticultural Society; NC State Extension Gardener Plant Toolbox; Missouri Botanical Garden,https://powo.science.kew.org/results?q=Thymus%20serpyllum; https://www.rhs.org.uk/plants/search-form?query=Thymus%20serpyllum; https://plants.ces.ncsu.edu/find_a_plant/?q=Thymus%20serpyllum; https://www.missouribotanicalgarden.org/PlantFinder/PlantFinderSearch.aspx?search=Thymus%20serpyllum,medium,Short description prepared from conservative reference traits and operator-confirmed label/taxonomy. Verify cultivar-specific claims before printing polished catalog.,Чебрець повзучий - саджанці Flora & Aroma,Чебрець повзучий (Thymus serpyllum). Від 30 UAH/шт. Варіанти: CASSETTE-HIKO-V120SS — 30 UAH/шт.; Горщик P9 — 55 UAH/шт. Наявність уточнюємо при замовленні.,/images/plants/local/plant-0087-local-gallery-01.webp; /images/plants/local/plant-0087-local-gallery-02.jpg; /images/plants/local/plant-0087-format-01.jpg; /images/plants/local/plant-0087-card-01.png,full_sun,dry;medium,5,10,06;07;08,pink;purple,USDA 4-8,groundcover;rock_garden;aromatic;pollinator,20-25,aromatic_garden;pollinator_plants;drought_tolerant;low_maintenance,CASSETTE-HIKO-V120SS;Горщик P9,30;55,шт.;шт.,CASSETTE-HIKO-V120SS — 30 UAH/шт.;Горщик P9 — 55 UAH/шт.,product_variants_pricehistory,VAR-PLANT-0087-V120;VAR-PLANT-0087-P9,CASSETTE-HIKO-V120SS;POT-P9,V-120;P9
PLANT-0028,Сосна кримська,Pinus nigra subsp. pallasiana,Хвойні рослини,CASSETTE-HIKO-V120SS,30,шт.,contact_us,"Світлолюбна сосна з темною хвоєю, міцним ростом і доброю витривалістю до сухіших умов. Підходить для парків, захисних посадок і великих ландшафтних композицій. Зимостійка в умовах Києва, рівень достатній.","Сосна кримська (Pinus nigra subsp. pallasiana) добре працює як довговічне хвойне дерево для сонячних ділянок, захисних смуг і структурних посадок. Для стабільного росту важливі дренований ґрунт, простір для кореневої системи та відсутність тривалого застою води. Зимостійка в умовах Києва, рівень достатній.","Висаджують без заглиблення кореневої шийки, зі збереженою кореневою грудкою. У перший сезон потрібні помірний полив, мульчування та контроль пересихання, далі рослина стає витривалішою до сухіших періодів.","Застосування в саду: хвойні групи, великі ландшафтні композиції, захисні посадки, вітрозахисні смуги та вічнозелені акценти на сонячних ділянках.","Світлолюбна сосна з темною хвоєю, міцним ростом і доброю витривалістю до сухіших умов. Підходить для парків, захисних посадок і великих ландшафтних композицій. Зимостійка в умовах Києва, рівень достатній. Сосна кримська (Pinus nigra subsp. pallasiana) добре працює як довговічне хвойне дерево для сонячних ділянок, захисних смуг і структурних посадок. Для стабільного росту важливі дренований ґрунт, простір для кореневої системи та відсутність тривалого застою води. Зимостійка в умовах Києва, рівень достатній. Висаджують без заглиблення кореневої шийки, зі збереженою кореневою грудкою. У перший сезон потрібні помірний полив, мульчування та контроль пересихання, далі рослина стає витривалішою до сухіших періодів. Застосування в саду: хвойні групи, великі ландшафтні композиції, захисні посадки, вітрозахисні смуги та вічнозелені акценти на сонячних ділянках.",source_backed_species_draft,Plants of the World Online / Kew; Royal Horticultural Society; NC State Extension Gardener Plant Toolbox; Missouri Botanical Garden,https://powo.science.kew.org/results?q=Pinus%20nigra%20subsp.%20pallasiana; https://www.rhs.org.uk/plants/search-form?query=Pinus%20nigra%20subsp.%20pallasiana; https://plants.ces.ncsu.edu/find_a_plant/?q=Pinus%20nigra%20subsp.%20pallasiana; https://www.missouribotanicalgarden.org/PlantFinder/PlantFinderSearch.aspx?search=Pinus%20nigra%20subsp.%20pallasiana,medium,Short description prepared from conservative reference traits and operator-confirmed label/taxonomy. Verify cultivar-specific claims before printing polished catalog.,Сосна кримська - саджанці Flora & Aroma,,/images/plants/local/plant-0028-local-01.jpg; /images/plants/local/plant-0028-format-01.jpg,full_sun,dry;medium,1500,3000,05;06,inconspicuous,USDA 4-7,tree;windbreak;landscape,1500-2500,drought_tolerant;low_maintenance;sunny_site,CASSETTE-HIKO-V120SS,30,шт.,CASSETTE-HIKO-V120SS — 30 UAH/шт.,product_variants_pricehistory,VAR-PLANT-0028-V120,CASSETTE-HIKO-V120SS,V-120
PLANT-0091,Котівник гроновидний 'Felix',Nepeta racemosa 'Felix',Декоративні багаторічники,CASSETTE-HIKO-V120SS,35,шт.,contact_us,"Низькорослий багаторічний котівник із глибокими лілово-синіми квітками та сизо-сірим ароматним листям. Формує рівномірний компактний столоноутворювальний покрив, рясно цвіте до заморозків і приваблює бджіл.","Сухий, добре дренований ґрунт середньої родючості.",Полив і фактичну готовність рослин підтверджує оператор.,"Ґрунтопокривні посадки, медоносні композиції та квітучі контейнери.","Низькорослий багаторічний котівник із глибокими лілово-синіми квітками та сизо-сірим ароматним листям. Формує рівномірний компактний столоноутворювальний покрив, рясно цвіте до заморозків і приваблює бджіл. Підходить для сухого, добре дренованого ґрунту середньої родючості, ґрунтопокривних посадок, медоносних композицій і квітучих контейнерів.",operator_approved,Jelitto Perennial Seeds,https://www.jelitto.com/Seed/Perennials/NEPETA%2Bracemosa%2BFelix%2BPortion%2Bs.html,high,Official cultivar page checked; operator approved card and selected local photos on 2026-08-24.,Котівник гроновидний Felix — саджанці Flora & Aroma,"Котівник гроновидний Felix у контейнері 0,12 л. Ціна 35 грн; наявність підтверджує оператор.",/images/plants/local/plant-0091-local-01.jpg; /images/plants/local/plant-0091-local-02.jpg,,dry,25,25,05;06;07;08;09;10,lilac;blue,USDA 3-8,groundcover;pollinator;container,,aromatic_garden;pollinator_plants;drought_tolerant;low_maintenance,CASSETTE-HIKO-V120SS,35,шт.,"0,12 л — 35 UAH/шт.",product_variants_pricehistory,VAR-PLANT-0091-V120,CASSETTE-HIKO-V120SS,V-120
PLANT-0092,Котівник гроновидний 'Alba',Nepeta racemosa 'Alba',Декоративні багаторічники,CASSETTE-HIKO-V120SS,40,шт.,contact_us,"Багаторічний столоноутворювальний котівник із чисто-білими квітками. Формує ґрунтопокривні посадки, цвіте у перший рік і є кормовою рослиною для бджіл.","Сухий, добре дренований ґрунт.",Полив і фактичну готовність рослин підтверджує оператор.,Ґрунтопокривні та медоносні посадки.,"Багаторічний столоноутворювальний котівник із чисто-білими квітками. Формує ґрунтопокривні посадки, цвіте у перший рік і є кормовою рослиною для бджіл. Підходить для сухого, добре дренованого ґрунту та медоносних композицій.",operator_approved,Jelitto Perennial Seeds,https://www.jelitto.com/Seed/Perennials/NEPETA%2Bracemosa%2BAlba%2BPortion%2Bs.html,high,Official cultivar page checked; operator approved card and selected local photos on 2026-08-24.,Котівник гроновидний Alba — саджанці Flora & Aroma,"Котівник гроновидний Alba з білими квітками у контейнері 0,12 л. Ціна 40 грн.",/images/plants/local/plant-0092-local-01.jpg; /images/plants/local/plant-0092-local-02.jpg,,dry,30,30,05;06;07;08;09,white,USDA 3-8,groundcover;pollinator,,pollinator_plants;drought_tolerant;low_maintenance,CASSETTE-HIKO-V120SS,40,шт.,"0,12 л — 40 UAH/шт.",product_variants_pricehistory,VAR-PLANT-0092-V120,CASSETTE-HIKO-V120SS,V-120
